Collector hot directory and tmp storage wiped!
Document processor app listening on port 8888
-- Working Raw Text doc memory-convo-ws13-th17-1738163329.txt --
[SUCCESS]: Raw text and metadata saved & ready for embedding.

-- Working Raw Text doc memory-convo-ws2-th15-1738163330.txt --
[SUCCESS]: Raw text and metadata saved & ready for embedding.

-- Working Raw Text doc memory-convo-ws13-th17-1738163590.txt --
[SUCCESS]: Raw text and metadata saved & ready for embedding.

-- Working Raw Text doc memory-convo-ws2-th15-1738163592.txt --
[SUCCESS]: Raw text and metadata saved & ready for embedding.

-- Working Raw Text doc memory-convo-ws2-th14-1738163593.txt --
[SUCCESS]: Raw text and metadata saved & ready for embedding.

-- Working Raw Text doc memory-convo-ws13-th13-1738163594.txt --
[SUCCESS]: Raw text and metadata saved & ready for embedding.

-- Working Raw Text doc memory-convo-ws13-th12-1738163595.txt --
[SUCCESS]: Raw text and metadata saved & ready for embedding.

-- Working Raw Text doc memory-convo-ws18-th11-1738163596.txt --
[SUCCESS]: Raw text and metadata saved & ready for embedding.

-- Working Raw Text doc memory-convo-ws13-th10-1738163598.txt --
[SUCCESS]: Raw text and metadata saved & ready for embedding.

-- Working Raw Text doc memory-convo-ws15-th9-1738163599.txt --
[SUCCESS]: Raw text and metadata saved & ready for embedding.

-- Working Raw Text doc memory-convo-ws13-th8-1738163600.txt --
[SUCCESS]: Raw text and metadata saved & ready for embedding.

-- Working Raw Text doc memory-convo-ws2-th7-1738163601.txt --
[SUCCESS]: Raw text and metadata saved & ready for embedding.

-- Working Raw Text doc memory-convo-ws2-th6-1738163603.txt --
[SUCCESS]: Raw text and metadata saved & ready for embedding.

-- Working Raw Text doc memory-convo-ws2-th5-1738163604.txt --
[SUCCESS]: Raw text and metadata saved & ready for embedding.

-- Working Raw Text doc memory-convo-ws13-th17-1738164745.txt --
[SUCCESS]: Raw text and metadata saved & ready for embedding.

-- Working Raw Text doc memory-convo-ws2-th15-1738164746.txt --
[SUCCESS]: Raw text and metadata saved & ready for embedding.

-- Working Raw Text doc memory-convo-ws2-th14-1738164748.txt --
[SUCCESS]: Raw text and metadata saved & ready for embedding.

-- Working Raw Text doc memory-convo-ws13-th13-1738164749.txt --
[SUCCESS]: Raw text and metadata saved & ready for embedding.

-- Working Raw Text doc memory-convo-ws13-th12-1738164750.txt --
[SUCCESS]: Raw text and metadata saved & ready for embedding.

-- Working Raw Text doc memory-convo-ws18-th11-1738164751.txt --
[SUCCESS]: Raw text and metadata saved & ready for embedding.

-- Working Raw Text doc memory-convo-ws13-th10-1738164752.txt --
[SUCCESS]: Raw text and metadata saved & ready for embedding.

-- Working Raw Text doc memory-convo-ws15-th9-1738164754.txt --
[SUCCESS]: Raw text and metadata saved & ready for embedding.

-- Working Raw Text doc memory-convo-ws13-th8-1738164755.txt --
[SUCCESS]: Raw text and metadata saved & ready for embedding.

-- Working Raw Text doc memory-convo-ws2-th7-1738164756.txt --
[SUCCESS]: Raw text and metadata saved & ready for embedding.

-- Working Raw Text doc memory-convo-ws2-th6-1738164758.txt --
[SUCCESS]: Raw text and metadata saved & ready for embedding.

-- Working Raw Text doc memory-convo-ws2-th5-1738164759.txt --
[SUCCESS]: Raw text and metadata saved & ready for embedding.

-- Working Raw Text doc memory-convo-ws13-th17-1738166289.txt --
[SUCCESS]: Raw text and metadata saved & ready for embedding.

-- Working Raw Text doc memory-convo-ws2-th69-1738166290.txt --
[SUCCESS]: Raw text and metadata saved & ready for embedding.

-- Working Raw Text doc memory-convo-ws13-th17-1738167126.txt --
[SUCCESS]: Raw text and metadata saved & ready for embedding.

-- Working Raw Text doc memory-convo-ws2-th69-1738167128.txt --
[SUCCESS]: Raw text and metadata saved & ready for embedding.

-- Working Raw Text doc memory-convo-ws13-th17-1738167609.txt --
[SUCCESS]: Raw text and metadata saved & ready for embedding.

-- Working Raw Text doc memory-convo-ws2-th69-1738167611.txt --
[SUCCESS]: Raw text and metadata saved & ready for embedding.

-- Working Raw Text doc memory-convo-ws13-th17-1738168075.txt --
[SUCCESS]: Raw text and metadata saved & ready for embedding.

-- Working Raw Text doc memory-convo-ws2-th69-1738168077.txt --
[SUCCESS]: Raw text and metadata saved & ready for embedding.

-- Working Raw Text doc memory-convo-ws2-th69-1738177397.txt --
[SUCCESS]: Raw text and metadata saved & ready for embedding.

-- Working Raw Text doc memory-convo-ws13-th17-1738177398.txt --
[SUCCESS]: Raw text and metadata saved & ready for embedding.

-- Working XFM-sparepartslist.pdf --
Warning: filter "Crypt" not supported yet
-- Parsing content from pg 1 --
-- Parsing content from pg 2 --
-- Parsing content from pg 3 --
-- Parsing content from pg 4 --
-- Parsing content from pg 5 --
-- Parsing content from pg 6 --
-- Parsing content from pg 7 --
-- Parsing content from pg 8 --
-- Parsing content from pg 9 --
-- Parsing content from pg 10 --
-- Parsing content from pg 11 --
-- Parsing content from pg 12 --
-- Parsing content from pg 13 --
-- Parsing content from pg 14 --
-- Parsing content from pg 15 --
-- Parsing content from pg 16 --
-- Parsing content from pg 17 --
-- Parsing content from pg 18 --
-- Parsing content from pg 19 --
-- Parsing content from pg 20 --
-- Parsing content from pg 21 --
-- Parsing content from pg 22 --
-- Parsing content from pg 23 --
-- Parsing content from pg 24 --
-- Parsing content from pg 25 --
-- Parsing content from pg 26 --
-- Parsing content from pg 27 --
-- Parsing content from pg 28 --
-- Parsing content from pg 29 --
-- Parsing content from pg 30 --
-- Parsing content from pg 31 --
-- Parsing content from pg 32 --
-- Parsing content from pg 33 --
-- Parsing content from pg 34 --
-- Parsing content from pg 35 --
-- Parsing content from pg 36 --
-- Parsing content from pg 37 --
-- Parsing content from pg 38 --
-- Parsing content from pg 39 --
-- Parsing content from pg 40 --
-- Parsing content from pg 41 --
-- Parsing content from pg 42 --
-- Parsing content from pg 43 --
-- Parsing content from pg 44 --
-- Parsing content from pg 45 --
-- Parsing content from pg 46 --
-- Parsing content from pg 47 --
-- Parsing content from pg 48 --
-- Parsing content from pg 49 --
[SUCCESS]: XFM-sparepartslist.pdf converted & ready for embedding.

-- Working SteamTunnel-operatingmanual.pdf --
-- Parsing content from pg 1 --
-- Parsing content from pg 2 --
-- Parsing content from pg 3 --
-- Parsing content from pg 4 --
-- Parsing content from pg 5 --
-- Parsing content from pg 6 --
-- Parsing content from pg 7 --
-- Parsing content from pg 8 --
[SUCCESS]: SteamTunnel-operatingmanual.pdf converted & ready for embedding.

-- Working Steamtunnel-InstructionManual.pdf --
-- Parsing content from pg 1 --
-- Parsing content from pg 2 --
-- Parsing content from pg 3 --
-- Parsing content from pg 4 --
-- Parsing content from pg 5 --
-- Parsing content from pg 6 --
-- Parsing content from pg 7 --
-- Parsing content from pg 8 --
-- Parsing content from pg 9 --
-- Parsing content from pg 10 --
-- Parsing content from pg 11 --
-- Parsing content from pg 12 --
-- Parsing content from pg 13 --
-- Parsing content from pg 14 --
-- Parsing content from pg 15 --
-- Parsing content from pg 16 --
-- Parsing content from pg 17 --
-- Parsing content from pg 18 --
-- Parsing content from pg 19 --
-- Parsing content from pg 20 --
-- Parsing content from pg 21 --
-- Parsing content from pg 22 --
-- Parsing content from pg 23 --
-- Parsing content from pg 24 --
-- Parsing content from pg 25 --
-- Parsing content from pg 26 --
-- Parsing content from pg 27 --
-- Parsing content from pg 28 --
-- Parsing content from pg 29 --
-- Parsing content from pg 30 --
-- Parsing content from pg 31 --
-- Parsing content from pg 32 --
-- Parsing content from pg 33 --
-- Parsing content from pg 34 --
-- Parsing content from pg 35 --
-- Parsing content from pg 36 --
-- Parsing content from pg 37 --
-- Parsing content from pg 38 --
-- Parsing content from pg 39 --
-- Parsing content from pg 40 --
-- Parsing content from pg 41 --
-- Parsing content from pg 42 --
-- Parsing content from pg 43 --
-- Parsing content from pg 44 --
-- Parsing content from pg 45 --
-- Parsing content from pg 46 --
-- Parsing content from pg 47 --
-- Parsing content from pg 48 --
-- Parsing content from pg 49 --
-- Parsing content from pg 50 --
-- Parsing content from pg 51 --
-- Parsing content from pg 52 --
-- Parsing content from pg 53 --
-- Parsing content from pg 54 --
-- Parsing content from pg 55 --
-- Parsing content from pg 56 --
-- Parsing content from pg 57 --
-- Parsing content from pg 58 --
-- Parsing content from pg 59 --
-- Parsing content from pg 60 --
-- Parsing content from pg 61 --
-- Parsing content from pg 62 --
-- Parsing content from pg 63 --
-- Parsing content from pg 64 --
-- Parsing content from pg 65 --
-- Parsing content from pg 66 --
-- Parsing content from pg 67 --
-- Parsing content from pg 68 --
-- Parsing content from pg 69 --
-- Parsing content from pg 70 --
-- Parsing content from pg 71 --
-- Parsing content from pg 72 --
-- Parsing content from pg 73 --
-- Parsing content from pg 74 --
-- Parsing content from pg 75 --
-- Parsing content from pg 76 --
-- Parsing content from pg 77 --
-- Parsing content from pg 78 --
-- Parsing content from pg 79 --
-- Parsing content from pg 80 --
-- Parsing content from pg 81 --
-- Parsing content from pg 82 --
-- Parsing content from pg 83 --
-- Parsing content from pg 84 --
-- Parsing content from pg 85 --
-- Parsing content from pg 86 --
-- Parsing content from pg 87 --
-- Parsing content from pg 88 --
-- Parsing content from pg 89 --
-- Parsing content from pg 90 --
-- Parsing content from pg 91 --
-- Parsing content from pg 92 --
-- Parsing content from pg 93 --
-- Parsing content from pg 94 --
-- Parsing content from pg 95 --
-- Parsing content from pg 96 --
-- Parsing content from pg 97 --
-- Parsing content from pg 98 --
-- Parsing content from pg 99 --
[SUCCESS]: Steamtunnel-InstructionManual.pdf converted & ready for embedding.

-- Working SteamTunnel-pnuematic.PDF --
-- Parsing content from pg 4 --
-- Parsing content from pg 5 --
[SUCCESS]: SteamTunnel-pnuematic.PDF converted & ready for embedding.

-- Working SteamTunnel-SparePartsList.pdf --
-- Parsing content from pg 1 --
-- Parsing content from pg 2 --
-- Parsing content from pg 3 --
-- Parsing content from pg 4 --
-- Parsing content from pg 5 --
-- Parsing content from pg 6 --
-- Parsing content from pg 7 --
-- Parsing content from pg 8 --
-- Parsing content from pg 9 --
-- Parsing content from pg 10 --
-- Parsing content from pg 11 --
-- Parsing content from pg 12 --
-- Parsing content from pg 13 --
-- Parsing content from pg 14 --
-- Parsing content from pg 15 --
-- Parsing content from pg 16 --
-- Parsing content from pg 17 --
-- Parsing content from pg 18 --
-- Parsing content from pg 19 --
-- Parsing content from pg 20 --
-- Parsing content from pg 21 --
-- Parsing content from pg 22 --
[SUCCESS]: SteamTunnel-SparePartsList.pdf converted & ready for embedding.

-- Working SteamTunnel-wiring.pdf --
-- Parsing content from pg 1 --
-- Parsing content from pg 2 --
-- Parsing content from pg 3 --
-- Parsing content from pg 4 --
-- Parsing content from pg 5 --
-- Parsing content from pg 6 --
-- Parsing content from pg 7 --
-- Parsing content from pg 8 --
-- Parsing content from pg 9 --
-- Parsing content from pg 10 --
-- Parsing content from pg 11 --
-- Parsing content from pg 12 --
-- Parsing content from pg 13 --
-- Parsing content from pg 14 --
-- Parsing content from pg 15 --
-- Parsing content from pg 16 --
-- Parsing content from pg 17 --
-- Parsing content from pg 18 --
-- Parsing content from pg 19 --
-- Parsing content from pg 20 --
-- Parsing content from pg 21 --
-- Parsing content from pg 22 --
-- Parsing content from pg 23 --
-- Parsing content from pg 24 --
-- Parsing content from pg 25 --
-- Parsing content from pg 26 --
-- Parsing content from pg 27 --
-- Parsing content from pg 28 --
-- Parsing content from pg 29 --
-- Parsing content from pg 30 --
-- Parsing content from pg 31 --
-- Parsing content from pg 32 --
-- Parsing content from pg 33 --
-- Parsing content from pg 34 --
-- Parsing content from pg 35 --
-- Parsing content from pg 36 --
-- Parsing content from pg 37 --
-- Parsing content from pg 38 --
-- Parsing content from pg 39 --
-- Parsing content from pg 40 --
-- Parsing content from pg 41 --
-- Parsing content from pg 42 --
-- Parsing content from pg 43 --
-- Parsing content from pg 44 --
-- Parsing content from pg 45 --
-- Parsing content from pg 46 --
-- Parsing content from pg 47 --
-- Parsing content from pg 48 --
-- Parsing content from pg 49 --
-- Parsing content from pg 50 --
-- Parsing content from pg 51 --
-- Parsing content from pg 52 --
-- Parsing content from pg 53 --
-- Parsing content from pg 54 --
-- Parsing content from pg 55 --
-- Parsing content from pg 56 --
-- Parsing content from pg 57 --
-- Parsing content from pg 58 --
-- Parsing content from pg 59 --
-- Parsing content from pg 60 --
-- Parsing content from pg 61 --
-- Parsing content from pg 62 --
-- Parsing content from pg 63 --
-- Parsing content from pg 64 --
-- Parsing content from pg 65 --
-- Parsing content from pg 66 --
-- Parsing content from pg 67 --
-- Parsing content from pg 68 --
-- Parsing content from pg 69 --
-- Parsing content from pg 70 --
-- Parsing content from pg 71 --
-- Parsing content from pg 72 --
-- Parsing content from pg 73 --
-- Parsing content from pg 74 --
-- Parsing content from pg 75 --
-- Parsing content from pg 76 --
-- Parsing content from pg 77 --
-- Parsing content from pg 78 --
-- Parsing content from pg 79 --
-- Parsing content from pg 80 --
-- Parsing content from pg 81 --
-- Parsing content from pg 82 --
-- Parsing content from pg 83 --
-- Parsing content from pg 84 --
[SUCCESS]: SteamTunnel-wiring.pdf converted & ready for embedding.

-- Working Feeder1_2-Operatingmanual.pdf --
Warning: filter "Crypt" not supported yet
-- Parsing content from pg 1 --
-- Parsing content from pg 2 --
-- Parsing content from pg 3 --
-- Parsing content from pg 4 --
-- Parsing content from pg 5 --
-- Parsing content from pg 6 --
-- Parsing content from pg 7 --
-- Parsing content from pg 8 --
-- Parsing content from pg 9 --
-- Parsing content from pg 10 --
-- Parsing content from pg 11 --
-- Parsing content from pg 12 --
-- Parsing content from pg 13 --
-- Parsing content from pg 14 --
-- Parsing content from pg 15 --
-- Parsing content from pg 16 --
-- Parsing content from pg 17 --
-- Parsing content from pg 18 --
-- Parsing content from pg 19 --
-- Parsing content from pg 20 --
-- Parsing content from pg 21 --
-- Parsing content from pg 22 --
-- Parsing content from pg 23 --
-- Parsing content from pg 24 --
-- Parsing content from pg 25 --
-- Parsing content from pg 26 --
-- Parsing content from pg 27 --
-- Parsing content from pg 28 --
-- Parsing content from pg 29 --
-- Parsing content from pg 30 --
-- Parsing content from pg 31 --
-- Parsing content from pg 32 --
-- Parsing content from pg 33 --
-- Parsing content from pg 34 --
-- Parsing content from pg 35 --
-- Parsing content from pg 36 --
-- Parsing content from pg 37 --
-- Parsing content from pg 38 --
-- Parsing content from pg 39 --
-- Parsing content from pg 40 --
-- Parsing content from pg 41 --
-- Parsing content from pg 42 --
-- Parsing content from pg 43 --
-- Parsing content from pg 44 --
-- Parsing content from pg 45 --
-- Parsing content from pg 46 --
-- Parsing content from pg 47 --
-- Parsing content from pg 48 --
-- Parsing content from pg 49 --
-- Parsing content from pg 50 --
-- Parsing content from pg 51 --
-- Parsing content from pg 52 --
-- Parsing content from pg 53 --
-- Parsing content from pg 54 --
-- Parsing content from pg 55 --
-- Parsing content from pg 56 --
-- Parsing content from pg 57 --
-- Parsing content from pg 58 --
-- Parsing content from pg 59 --
-- Parsing content from pg 60 --
-- Parsing content from pg 61 --
-- Parsing content from pg 62 --
-- Parsing content from pg 63 --
-- Parsing content from pg 64 --
-- Parsing content from pg 65 --
-- Parsing content from pg 66 --
-- Parsing content from pg 67 --
-- Parsing content from pg 68 --
-- Parsing content from pg 69 --
-- Parsing content from pg 70 --
-- Parsing content from pg 71 --
-- Parsing content from pg 72 --
-- Parsing content from pg 73 --
-- Parsing content from pg 74 --
-- Parsing content from pg 75 --
-- Parsing content from pg 76 --
-- Parsing content from pg 77 --
-- Parsing content from pg 78 --
-- Parsing content from pg 79 --
-- Parsing content from pg 80 --
-- Parsing content from pg 81 --
-- Parsing content from pg 82 --
-- Parsing content from pg 83 --
-- Parsing content from pg 84 --
-- Parsing content from pg 85 --
-- Parsing content from pg 86 --
-- Parsing content from pg 87 --
-- Parsing content from pg 88 --
-- Parsing content from pg 89 --
-- Parsing content from pg 90 --
-- Parsing content from pg 91 --
-- Parsing content from pg 92 --
-- Parsing content from pg 93 --
-- Parsing content from pg 94 --
-- Parsing content from pg 95 --
-- Parsing content from pg 96 --
-- Parsing content from pg 97 --
-- Parsing content from pg 98 --
-- Parsing content from pg 99 --
-- Parsing content from pg 100 --
-- Parsing content from pg 101 --
-- Parsing content from pg 102 --
-- Parsing content from pg 103 --
-- Parsing content from pg 104 --
-- Parsing content from pg 105 --
-- Parsing content from pg 106 --
-- Parsing content from pg 107 --
-- Parsing content from pg 108 --
-- Parsing content from pg 109 --
-- Parsing content from pg 110 --
-- Parsing content from pg 111 --
-- Parsing content from pg 112 --
-- Parsing content from pg 113 --
-- Parsing content from pg 114 --
-- Parsing content from pg 115 --
[SUCCESS]: Feeder1_2-Operatingmanual.pdf converted & ready for embedding.

-- Working Feeder_1_2_wiring.pdf --
-- Parsing content from pg 1 --
-- Parsing content from pg 2 --
-- Parsing content from pg 3 --
-- Parsing content from pg 4 --
-- Parsing content from pg 5 --
-- Parsing content from pg 6 --
-- Parsing content from pg 7 --
-- Parsing content from pg 8 --
-- Parsing content from pg 9 --
-- Parsing content from pg 10 --
-- Parsing content from pg 11 --
-- Parsing content from pg 12 --
-- Parsing content from pg 13 --
-- Parsing content from pg 14 --
-- Parsing content from pg 15 --
-- Parsing content from pg 16 --
-- Parsing content from pg 17 --
-- Parsing content from pg 18 --
-- Parsing content from pg 19 --
-- Parsing content from pg 20 --
-- Parsing content from pg 21 --
-- Parsing content from pg 22 --
-- Parsing content from pg 23 --
-- Parsing content from pg 24 --
-- Parsing content from pg 25 --
-- Parsing content from pg 26 --
-- Parsing content from pg 27 --
-- Parsing content from pg 28 --
-- Parsing content from pg 29 --
-- Parsing content from pg 30 --
-- Parsing content from pg 31 --
-- Parsing content from pg 32 --
-- Parsing content from pg 33 --
-- Parsing content from pg 34 --
-- Parsing content from pg 35 --
-- Parsing content from pg 36 --
-- Parsing content from pg 37 --
-- Parsing content from pg 38 --
-- Parsing content from pg 39 --
-- Parsing content from pg 40 --
-- Parsing content from pg 41 --
-- Parsing content from pg 42 --
-- Parsing content from pg 43 --
-- Parsing content from pg 44 --
-- Parsing content from pg 45 --
-- Parsing content from pg 46 --
-- Parsing content from pg 47 --
-- Parsing content from pg 48 --
-- Parsing content from pg 49 --
-- Parsing content from pg 50 --
-- Parsing content from pg 51 --
-- Parsing content from pg 52 --
-- Parsing content from pg 53 --
-- Parsing content from pg 54 --
-- Parsing content from pg 55 --
-- Parsing content from pg 56 --
-- Parsing content from pg 57 --
-- Parsing content from pg 58 --
-- Parsing content from pg 59 --
-- Parsing content from pg 60 --
-- Parsing content from pg 61 --
-- Parsing content from pg 62 --
-- Parsing content from pg 63 --
-- Parsing content from pg 64 --
-- Parsing content from pg 65 --
-- Parsing content from pg 66 --
-- Parsing content from pg 67 --
-- Parsing content from pg 68 --
-- Parsing content from pg 69 --
-- Parsing content from pg 70 --
-- Parsing content from pg 71 --
-- Parsing content from pg 72 --
-- Parsing content from pg 73 --
-- Parsing content from pg 74 --
-- Parsing content from pg 75 --
-- Parsing content from pg 76 --
-- Parsing content from pg 77 --
-- Parsing content from pg 78 --
-- Parsing content from pg 79 --
-- Parsing content from pg 80 --
-- Parsing content from pg 81 --
-- Parsing content from pg 82 --
-- Parsing content from pg 83 --
-- Parsing content from pg 84 --
-- Parsing content from pg 85 --
-- Parsing content from pg 86 --
-- Parsing content from pg 87 --
-- Parsing content from pg 88 --
-- Parsing content from pg 89 --
-- Parsing content from pg 90 --
-- Parsing content from pg 91 --
-- Parsing content from pg 92 --
-- Parsing content from pg 93 --
-- Parsing content from pg 94 --
-- Parsing content from pg 95 --
-- Parsing content from pg 96 --
-- Parsing content from pg 97 --
-- Parsing content from pg 98 --
-- Parsing content from pg 99 --
-- Parsing content from pg 100 --
-- Parsing content from pg 101 --
-- Parsing content from pg 102 --
-- Parsing content from pg 103 --
-- Parsing content from pg 104 --
-- Parsing content from pg 105 --
-- Parsing content from pg 106 --
-- Parsing content from pg 107 --
-- Parsing content from pg 108 --
-- Parsing content from pg 109 --
-- Parsing content from pg 110 --
-- Parsing content from pg 111 --
-- Parsing content from pg 112 --
-- Parsing content from pg 113 --
-- Parsing content from pg 114 --
-- Parsing content from pg 115 --
-- Parsing content from pg 116 --
-- Parsing content from pg 117 --
-- Parsing content from pg 118 --
-- Parsing content from pg 119 --
-- Parsing content from pg 120 --
-- Parsing content from pg 121 --
-- Parsing content from pg 122 --
-- Parsing content from pg 123 --
-- Parsing content from pg 124 --
-- Parsing content from pg 125 --
-- Parsing content from pg 126 --
-- Parsing content from pg 127 --
-- Parsing content from pg 128 --
-- Parsing content from pg 129 --
-- Parsing content from pg 130 --
-- Parsing content from pg 131 --
-- Parsing content from pg 132 --
-- Parsing content from pg 133 --
-- Parsing content from pg 134 --
-- Parsing content from pg 135 --
-- Parsing content from pg 136 --
-- Parsing content from pg 137 --
-- Parsing content from pg 138 --
-- Parsing content from pg 139 --
-- Parsing content from pg 140 --
-- Parsing content from pg 141 --
-- Parsing content from pg 142 --
-- Parsing content from pg 143 --
-- Parsing content from pg 144 --
-- Parsing content from pg 145 --
-- Parsing content from pg 146 --
-- Parsing content from pg 147 --
-- Parsing content from pg 148 --
-- Parsing content from pg 149 --
-- Parsing content from pg 150 --
-- Parsing content from pg 151 --
-- Parsing content from pg 152 --
-- Parsing content from pg 153 --
-- Parsing content from pg 154 --
-- Parsing content from pg 155 --
-- Parsing content from pg 156 --
-- Parsing content from pg 157 --
-- Parsing content from pg 158 --
-- Parsing content from pg 159 --
-- Parsing content from pg 160 --
-- Parsing content from pg 161 --
-- Parsing content from pg 162 --
-- Parsing content from pg 163 --
-- Parsing content from pg 164 --
-- Parsing content from pg 165 --
-- Parsing content from pg 166 --
-- Parsing content from pg 167 --
-- Parsing content from pg 168 --
-- Parsing content from pg 169 --
-- Parsing content from pg 170 --
-- Parsing content from pg 171 --
-- Parsing content from pg 172 --
-- Parsing content from pg 173 --
-- Parsing content from pg 174 --
-- Parsing content from pg 175 --
-- Parsing content from pg 176 --
-- Parsing content from pg 177 --
-- Parsing content from pg 178 --
-- Parsing content from pg 179 --
-- Parsing content from pg 180 --
-- Parsing content from pg 181 --
-- Parsing content from pg 182 --
-- Parsing content from pg 183 --
-- Parsing content from pg 184 --
-- Parsing content from pg 185 --
-- Parsing content from pg 186 --
-- Parsing content from pg 187 --
-- Parsing content from pg 188 --
-- Parsing content from pg 189 --
-- Parsing content from pg 190 --
-- Parsing content from pg 191 --
-- Parsing content from pg 192 --
-- Parsing content from pg 193 --
-- Parsing content from pg 194 --
-- Parsing content from pg 195 --
-- Parsing content from pg 196 --
-- Parsing content from pg 197 --
-- Parsing content from pg 198 --
-- Parsing content from pg 199 --
-- Parsing content from pg 200 --
-- Parsing content from pg 201 --
-- Parsing content from pg 202 --
-- Parsing content from pg 203 --
-- Parsing content from pg 204 --
-- Parsing content from pg 205 --
-- Parsing content from pg 206 --
-- Parsing content from pg 207 --
-- Parsing content from pg 208 --
-- Parsing content from pg 209 --
-- Parsing content from pg 210 --
-- Parsing content from pg 211 --
-- Parsing content from pg 212 --
-- Parsing content from pg 213 --
-- Parsing content from pg 214 --
-- Parsing content from pg 215 --
-- Parsing content from pg 216 --
-- Parsing content from pg 217 --
-- Parsing content from pg 218 --
-- Parsing content from pg 219 --
-- Parsing content from pg 220 --
-- Parsing content from pg 221 --
-- Parsing content from pg 222 --
-- Parsing content from pg 223 --
-- Parsing content from pg 224 --
-- Parsing content from pg 225 --
-- Parsing content from pg 226 --
-- Parsing content from pg 227 --
-- Parsing content from pg 228 --
-- Parsing content from pg 229 --
-- Parsing content from pg 230 --
-- Parsing content from pg 231 --
-- Parsing content from pg 232 --
-- Parsing content from pg 233 --
-- Parsing content from pg 234 --
-- Parsing content from pg 235 --
-- Parsing content from pg 236 --
-- Parsing content from pg 237 --
-- Parsing content from pg 238 --
-- Parsing content from pg 239 --
-- Parsing content from pg 240 --
-- Parsing content from pg 241 --
-- Parsing content from pg 242 --
-- Parsing content from pg 243 --
-- Parsing content from pg 244 --
-- Parsing content from pg 245 --
-- Parsing content from pg 246 --
-- Parsing content from pg 247 --
-- Parsing content from pg 248 --
-- Parsing content from pg 249 --
-- Parsing content from pg 250 --
-- Parsing content from pg 251 --
-- Parsing content from pg 252 --
-- Parsing content from pg 253 --
-- Parsing content from pg 254 --
-- Parsing content from pg 255 --
-- Parsing content from pg 256 --
-- Parsing content from pg 257 --
-- Parsing content from pg 258 --
-- Parsing content from pg 259 --
-- Parsing content from pg 260 --
-- Parsing content from pg 261 --
-- Parsing content from pg 262 --
-- Parsing content from pg 263 --
-- Parsing content from pg 264 --
-- Parsing content from pg 265 --
-- Parsing content from pg 266 --
-- Parsing content from pg 267 --
-- Parsing content from pg 268 --
-- Parsing content from pg 269 --
-- Parsing content from pg 270 --
-- Parsing content from pg 271 --
-- Parsing content from pg 272 --
-- Parsing content from pg 273 --
-- Parsing content from pg 274 --
-- Parsing content from pg 275 --
-- Parsing content from pg 276 --
-- Parsing content from pg 277 --
-- Parsing content from pg 278 --
-- Parsing content from pg 279 --
-- Parsing content from pg 280 --
-- Parsing content from pg 281 --
-- Parsing content from pg 282 --
-- Parsing content from pg 283 --
-- Parsing content from pg 284 --
-- Parsing content from pg 285 --
-- Parsing content from pg 286 --
-- Parsing content from pg 287 --
-- Parsing content from pg 288 --
-- Parsing content from pg 289 --
-- Parsing content from pg 290 --
-- Parsing content from pg 291 --
-- Parsing content from pg 292 --
-- Parsing content from pg 293 --
-- Parsing content from pg 294 --
-- Parsing content from pg 295 --
-- Parsing content from pg 296 --
-- Parsing content from pg 297 --
-- Parsing content from pg 298 --
-- Parsing content from pg 299 --
-- Parsing content from pg 300 --
-- Parsing content from pg 301 --
-- Parsing content from pg 302 --
-- Parsing content from pg 303 --
-- Parsing content from pg 304 --
-- Parsing content from pg 305 --
-- Parsing content from pg 306 --
-- Parsing content from pg 307 --
-- Parsing content from pg 308 --
-- Parsing content from pg 309 --
-- Parsing content from pg 310 --
-- Parsing content from pg 311 --
-- Parsing content from pg 312 --
-- Parsing content from pg 313 --
-- Parsing content from pg 314 --
-- Parsing content from pg 315 --
-- Parsing content from pg 316 --
-- Parsing content from pg 317 --
-- Parsing content from pg 318 --
-- Parsing content from pg 319 --
-- Parsing content from pg 320 --
-- Parsing content from pg 321 --
-- Parsing content from pg 322 --
-- Parsing content from pg 323 --
-- Parsing content from pg 324 --
-- Parsing content from pg 325 --
-- Parsing content from pg 326 --
-- Parsing content from pg 327 --
-- Parsing content from pg 328 --
-- Parsing content from pg 329 --
-- Parsing content from pg 330 --
-- Parsing content from pg 331 --
-- Parsing content from pg 332 --
-- Parsing content from pg 333 --
-- Parsing content from pg 334 --
-- Parsing content from pg 335 --
-- Parsing content from pg 336 --
-- Parsing content from pg 337 --
-- Parsing content from pg 338 --
-- Parsing content from pg 339 --
-- Parsing content from pg 340 --
-- Parsing content from pg 341 --
-- Parsing content from pg 342 --
-- Parsing content from pg 343 --
-- Parsing content from pg 344 --
-- Parsing content from pg 345 --
-- Parsing content from pg 346 --
-- Parsing content from pg 347 --
-- Parsing content from pg 348 --
-- Parsing content from pg 349 --
-- Parsing content from pg 350 --
-- Parsing content from pg 351 --
-- Parsing content from pg 352 --
-- Parsing content from pg 353 --
-- Parsing content from pg 354 --
-- Parsing content from pg 355 --
-- Parsing content from pg 356 --
-- Parsing content from pg 357 --
[SUCCESS]: Feeder_1_2_wiring.pdf converted & ready for embedding.

-- Working shuttleconveyor_spare.PDF --
-- Parsing content from pg 1 --
-- Parsing content from pg 2 --
-- Parsing content from pg 3 --
-- Parsing content from pg 4 --
-- Parsing content from pg 5 --
-- Parsing content from pg 6 --
-- Parsing content from pg 7 --
-- Parsing content from pg 8 --
-- Parsing content from pg 9 --
-- Parsing content from pg 10 --
-- Parsing content from pg 11 --
-- Parsing content from pg 12 --
-- Parsing content from pg 13 --
-- Parsing content from pg 14 --
-- Parsing content from pg 15 --
[SUCCESS]: shuttleconveyor_spare.PDF converted & ready for embedding.

-- Working CombinarionfoldingMachine-1_2_3 (1).pdf --
-- Parsing content from pg 1 --
-- Parsing content from pg 3 --
-- Parsing content from pg 4 --
-- Parsing content from pg 5 --
-- Parsing content from pg 6 --
-- Parsing content from pg 7 --
-- Parsing content from pg 8 --
-- Parsing content from pg 9 --
-- Parsing content from pg 10 --
-- Parsing content from pg 11 --
-- Parsing content from pg 12 --
-- Parsing content from pg 13 --
-- Parsing content from pg 14 --
-- Parsing content from pg 15 --
-- Parsing content from pg 16 --
-- Parsing content from pg 17 --
-- Parsing content from pg 18 --
-- Parsing content from pg 19 --
-- Parsing content from pg 20 --
-- Parsing content from pg 21 --
-- Parsing content from pg 22 --
-- Parsing content from pg 23 --
-- Parsing content from pg 24 --
-- Parsing content from pg 25 --
-- Parsing content from pg 26 --
-- Parsing content from pg 27 --
-- Parsing content from pg 28 --
-- Parsing content from pg 29 --
-- Parsing content from pg 30 --
-- Parsing content from pg 31 --
-- Parsing content from pg 32 --
-- Parsing content from pg 33 --
-- Parsing content from pg 34 --
-- Parsing content from pg 35 --
-- Parsing content from pg 36 --
-- Parsing content from pg 37 --
-- Parsing content from pg 38 --
-- Parsing content from pg 39 --
-- Parsing content from pg 40 --
-- Parsing content from pg 41 --
-- Parsing content from pg 42 --
-- Parsing content from pg 43 --
-- Parsing content from pg 44 --
-- Parsing content from pg 45 --
-- Parsing content from pg 46 --
-- Parsing content from pg 47 --
-- Parsing content from pg 48 --
-- Parsing content from pg 49 --
-- Parsing content from pg 50 --
-- Parsing content from pg 51 --
-- Parsing content from pg 52 --
-- Parsing content from pg 53 --
-- Parsing content from pg 54 --
-- Parsing content from pg 55 --
-- Parsing content from pg 56 --
-- Parsing content from pg 57 --
-- Parsing content from pg 58 --
-- Parsing content from pg 59 --
-- Parsing content from pg 60 --
-- Parsing content from pg 61 --
-- Parsing content from pg 62 --
-- Parsing content from pg 63 --
-- Parsing content from pg 64 --
-- Parsing content from pg 65 --
-- Parsing content from pg 66 --
-- Parsing content from pg 67 --
-- Parsing content from pg 68 --
-- Parsing content from pg 69 --
-- Parsing content from pg 70 --
-- Parsing content from pg 71 --
-- Parsing content from pg 72 --
-- Parsing content from pg 73 --
-- Parsing content from pg 74 --
-- Parsing content from pg 75 --
-- Parsing content from pg 76 --
-- Parsing content from pg 77 --
-- Parsing content from pg 78 --
-- Parsing content from pg 79 --
-- Parsing content from pg 80 --
-- Parsing content from pg 81 --
-- Parsing content from pg 82 --
-- Parsing content from pg 83 --
-- Parsing content from pg 84 --
-- Parsing content from pg 85 --
-- Parsing content from pg 86 --
-- Parsing content from pg 87 --
-- Parsing content from pg 88 --
-- Parsing content from pg 89 --
-- Parsing content from pg 90 --
-- Parsing content from pg 91 --
-- Parsing content from pg 92 --
-- Parsing content from pg 93 --
-- Parsing content from pg 94 --
-- Parsing content from pg 95 --
-- Parsing content from pg 96 --
-- Parsing content from pg 97 --
-- Parsing content from pg 98 --
-- Parsing content from pg 99 --
-- Parsing content from pg 100 --
-- Parsing content from pg 101 --
-- Parsing content from pg 102 --
-- Parsing content from pg 103 --
-- Parsing content from pg 104 --
-- Parsing content from pg 105 --
-- Parsing content from pg 106 --
-- Parsing content from pg 107 --
-- Parsing content from pg 108 --
-- Parsing content from pg 109 --
-- Parsing content from pg 110 --
-- Parsing content from pg 111 --
-- Parsing content from pg 112 --
-- Parsing content from pg 113 --
-- Parsing content from pg 114 --
-- Parsing content from pg 115 --
-- Parsing content from pg 116 --
-- Parsing content from pg 117 --
-- Parsing content from pg 118 --
-- Parsing content from pg 119 --
-- Parsing content from pg 120 --
-- Parsing content from pg 121 --
-- Parsing content from pg 122 --
-- Parsing content from pg 123 --
-- Parsing content from pg 124 --
-- Parsing content from pg 125 --
-- Parsing content from pg 126 --
-- Parsing content from pg 127 --
-- Parsing content from pg 128 --
-- Parsing content from pg 129 --
-- Parsing content from pg 130 --
-- Parsing content from pg 131 --
-- Parsing content from pg 132 --
-- Parsing content from pg 133 --
-- Parsing content from pg 134 --
-- Parsing content from pg 135 --
-- Parsing content from pg 136 --
-- Parsing content from pg 137 --
-- Parsing content from pg 138 --
-- Parsing content from pg 139 --
-- Parsing content from pg 140 --
-- Parsing content from pg 141 --
-- Parsing content from pg 142 --
-- Parsing content from pg 143 --
-- Parsing content from pg 144 --
-- Parsing content from pg 145 --
-- Parsing content from pg 146 --
-- Parsing content from pg 147 --
-- Parsing content from pg 148 --
-- Parsing content from pg 149 --
-- Parsing content from pg 150 --
-- Parsing content from pg 151 --
-- Parsing content from pg 152 --
-- Parsing content from pg 153 --
-- Parsing content from pg 154 --
-- Parsing content from pg 155 --
-- Parsing content from pg 156 --
-- Parsing content from pg 157 --
-- Parsing content from pg 158 --
-- Parsing content from pg 159 --
-- Parsing content from pg 160 --
-- Parsing content from pg 161 --
-- Parsing content from pg 162 --
-- Parsing content from pg 163 --
-- Parsing content from pg 164 --
-- Parsing content from pg 165 --
-- Parsing content from pg 166 --
-- Parsing content from pg 167 --
-- Parsing content from pg 168 --
-- Parsing content from pg 169 --
-- Parsing content from pg 170 --
-- Parsing content from pg 171 --
-- Parsing content from pg 172 --
-- Parsing content from pg 173 --
-- Parsing content from pg 174 --
-- Parsing content from pg 175 --
-- Parsing content from pg 176 --
-- Parsing content from pg 177 --
-- Parsing content from pg 178 --
-- Parsing content from pg 179 --
-- Parsing content from pg 180 --
-- Parsing content from pg 181 --
-- Parsing content from pg 182 --
-- Parsing content from pg 183 --
-- Parsing content from pg 184 --
-- Parsing content from pg 185 --
-- Parsing content from pg 186 --
-- Parsing content from pg 187 --
-- Parsing content from pg 188 --
-- Parsing content from pg 189 --
-- Parsing content from pg 190 --
-- Parsing content from pg 191 --
-- Parsing content from pg 192 --
-- Parsing content from pg 193 --
-- Parsing content from pg 194 --
-- Parsing content from pg 195 --
-- Parsing content from pg 196 --
-- Parsing content from pg 197 --
-- Parsing content from pg 198 --
-- Parsing content from pg 199 --
-- Parsing content from pg 200 --
-- Parsing content from pg 201 --
-- Parsing content from pg 202 --
-- Parsing content from pg 203 --
-- Parsing content from pg 204 --
-- Parsing content from pg 205 --
-- Parsing content from pg 206 --
-- Parsing content from pg 207 --
-- Parsing content from pg 208 --
-- Parsing content from pg 209 --
-- Parsing content from pg 210 --
-- Parsing content from pg 211 --
-- Parsing content from pg 212 --
-- Parsing content from pg 213 --
-- Parsing content from pg 214 --
[SUCCESS]: CombinarionfoldingMachine-1_2_3 (1).pdf converted & ready for embedding.

-- Working Folder1_2_3-wiring.pdf --
-- Parsing content from pg 1 --
-- Parsing content from pg 2 --
-- Parsing content from pg 3 --
-- Parsing content from pg 4 --
-- Parsing content from pg 5 --
-- Parsing content from pg 6 --
-- Parsing content from pg 7 --
-- Parsing content from pg 8 --
-- Parsing content from pg 9 --
-- Parsing content from pg 10 --
-- Parsing content from pg 11 --
-- Parsing content from pg 12 --
-- Parsing content from pg 13 --
-- Parsing content from pg 14 --
-- Parsing content from pg 15 --
-- Parsing content from pg 16 --
-- Parsing content from pg 17 --
-- Parsing content from pg 18 --
-- Parsing content from pg 19 --
-- Parsing content from pg 20 --
-- Parsing content from pg 21 --
-- Parsing content from pg 22 --
-- Parsing content from pg 23 --
-- Parsing content from pg 24 --
-- Parsing content from pg 25 --
-- Parsing content from pg 26 --
-- Parsing content from pg 27 --
-- Parsing content from pg 28 --
-- Parsing content from pg 29 --
-- Parsing content from pg 30 --
-- Parsing content from pg 31 --
-- Parsing content from pg 32 --
-- Parsing content from pg 33 --
-- Parsing content from pg 34 --
-- Parsing content from pg 35 --
-- Parsing content from pg 36 --
-- Parsing content from pg 37 --
-- Parsing content from pg 38 --
-- Parsing content from pg 39 --
-- Parsing content from pg 40 --
-- Parsing content from pg 41 --
-- Parsing content from pg 42 --
-- Parsing content from pg 43 --
-- Parsing content from pg 44 --
-- Parsing content from pg 45 --
-- Parsing content from pg 46 --
-- Parsing content from pg 47 --
-- Parsing content from pg 48 --
-- Parsing content from pg 49 --
-- Parsing content from pg 50 --
-- Parsing content from pg 51 --
-- Parsing content from pg 52 --
-- Parsing content from pg 53 --
-- Parsing content from pg 54 --
-- Parsing content from pg 55 --
-- Parsing content from pg 56 --
-- Parsing content from pg 57 --
-- Parsing content from pg 58 --
-- Parsing content from pg 59 --
-- Parsing content from pg 60 --
-- Parsing content from pg 61 --
-- Parsing content from pg 62 --
-- Parsing content from pg 63 --
-- Parsing content from pg 64 --
-- Parsing content from pg 65 --
-- Parsing content from pg 66 --
-- Parsing content from pg 67 --
-- Parsing content from pg 68 --
-- Parsing content from pg 69 --
-- Parsing content from pg 70 --
-- Parsing content from pg 71 --
-- Parsing content from pg 72 --
-- Parsing content from pg 73 --
-- Parsing content from pg 74 --
-- Parsing content from pg 75 --
-- Parsing content from pg 76 --
-- Parsing content from pg 77 --
-- Parsing content from pg 78 --
-- Parsing content from pg 79 --
-- Parsing content from pg 80 --
-- Parsing content from pg 81 --
-- Parsing content from pg 82 --
-- Parsing content from pg 83 --
-- Parsing content from pg 84 --
-- Parsing content from pg 85 --
-- Parsing content from pg 86 --
-- Parsing content from pg 87 --
-- Parsing content from pg 88 --
-- Parsing content from pg 89 --
-- Parsing content from pg 90 --
-- Parsing content from pg 91 --
-- Parsing content from pg 92 --
-- Parsing content from pg 93 --
-- Parsing content from pg 94 --
-- Parsing content from pg 95 --
-- Parsing content from pg 96 --
-- Parsing content from pg 97 --
-- Parsing content from pg 98 --
-- Parsing content from pg 99 --
-- Parsing content from pg 100 --
-- Parsing content from pg 101 --
-- Parsing content from pg 102 --
-- Parsing content from pg 103 --
-- Parsing content from pg 104 --
-- Parsing content from pg 105 --
-- Parsing content from pg 106 --
-- Parsing content from pg 107 --
-- Parsing content from pg 108 --
-- Parsing content from pg 109 --
-- Parsing content from pg 110 --
-- Parsing content from pg 111 --
-- Parsing content from pg 112 --
-- Parsing content from pg 113 --
-- Parsing content from pg 114 --
-- Parsing content from pg 115 --
-- Parsing content from pg 116 --
-- Parsing content from pg 117 --
-- Parsing content from pg 118 --
-- Parsing content from pg 119 --
-- Parsing content from pg 120 --
-- Parsing content from pg 121 --
-- Parsing content from pg 122 --
-- Parsing content from pg 123 --
-- Parsing content from pg 124 --
-- Parsing content from pg 125 --
-- Parsing content from pg 126 --
-- Parsing content from pg 127 --
-- Parsing content from pg 128 --
-- Parsing content from pg 129 --
-- Parsing content from pg 130 --
-- Parsing content from pg 131 --
-- Parsing content from pg 132 --
-- Parsing content from pg 133 --
-- Parsing content from pg 134 --
-- Parsing content from pg 135 --
-- Parsing content from pg 136 --
-- Parsing content from pg 137 --
-- Parsing content from pg 138 --
-- Parsing content from pg 139 --
-- Parsing content from pg 140 --
-- Parsing content from pg 141 --
-- Parsing content from pg 142 --
-- Parsing content from pg 143 --
-- Parsing content from pg 144 --
-- Parsing content from pg 145 --
-- Parsing content from pg 146 --
-- Parsing content from pg 147 --
-- Parsing content from pg 148 --
-- Parsing content from pg 149 --
-- Parsing content from pg 150 --
-- Parsing content from pg 151 --
-- Parsing content from pg 152 --
-- Parsing content from pg 153 --
-- Parsing content from pg 154 --
-- Parsing content from pg 155 --
-- Parsing content from pg 156 --
-- Parsing content from pg 157 --
-- Parsing content from pg 158 --
-- Parsing content from pg 159 --
-- Parsing content from pg 160 --
-- Parsing content from pg 161 --
-- Parsing content from pg 162 --
-- Parsing content from pg 163 --
-- Parsing content from pg 164 --
-- Parsing content from pg 165 --
-- Parsing content from pg 166 --
-- Parsing content from pg 167 --
-- Parsing content from pg 168 --
[SUCCESS]: Folder1_2_3-wiring.pdf converted & ready for embedding.

-- Working Folder-1_2_3-Spare.pdf --
-- Parsing content from pg 1 --
-- Parsing content from pg 2 --
-- Parsing content from pg 3 --
-- Parsing content from pg 4 --
-- Parsing content from pg 5 --
-- Parsing content from pg 6 --
-- Parsing content from pg 7 --
-- Parsing content from pg 8 --
-- Parsing content from pg 9 --
-- Parsing content from pg 10 --
-- Parsing content from pg 11 --
-- Parsing content from pg 12 --
-- Parsing content from pg 13 --
-- Parsing content from pg 14 --
-- Parsing content from pg 15 --
-- Parsing content from pg 16 --
-- Parsing content from pg 17 --
-- Parsing content from pg 18 --
-- Parsing content from pg 19 --
-- Parsing content from pg 20 --
-- Parsing content from pg 21 --
-- Parsing content from pg 22 --
-- Parsing content from pg 23 --
-- Parsing content from pg 24 --
-- Parsing content from pg 25 --
-- Parsing content from pg 26 --
-- Parsing content from pg 27 --
[SUCCESS]: Folder-1_2_3-Spare.pdf converted & ready for embedding.

-- Working Folder-4-Instruction.pdf --
-- Parsing content from pg 1 --
-- Parsing content from pg 3 --
-- Parsing content from pg 4 --
-- Parsing content from pg 5 --
-- Parsing content from pg 6 --
-- Parsing content from pg 7 --
-- Parsing content from pg 8 --
-- Parsing content from pg 9 --
-- Parsing content from pg 10 --
-- Parsing content from pg 11 --
-- Parsing content from pg 12 --
-- Parsing content from pg 13 --
-- Parsing content from pg 14 --
-- Parsing content from pg 15 --
-- Parsing content from pg 16 --
-- Parsing content from pg 17 --
-- Parsing content from pg 18 --
-- Parsing content from pg 19 --
-- Parsing content from pg 20 --
-- Parsing content from pg 21 --
-- Parsing content from pg 22 --
-- Parsing content from pg 23 --
-- Parsing content from pg 24 --
-- Parsing content from pg 25 --
-- Parsing content from pg 26 --
-- Parsing content from pg 27 --
-- Parsing content from pg 28 --
-- Parsing content from pg 29 --
-- Parsing content from pg 30 --
-- Parsing content from pg 31 --
-- Parsing content from pg 32 --
-- Parsing content from pg 33 --
-- Parsing content from pg 34 --
-- Parsing content from pg 35 --
-- Parsing content from pg 36 --
-- Parsing content from pg 37 --
-- Parsing content from pg 38 --
-- Parsing content from pg 39 --
-- Parsing content from pg 40 --
-- Parsing content from pg 41 --
-- Parsing content from pg 42 --
-- Parsing content from pg 43 --
-- Parsing content from pg 44 --
-- Parsing content from pg 45 --
-- Parsing content from pg 46 --
-- Parsing content from pg 47 --
-- Parsing content from pg 48 --
-- Parsing content from pg 49 --
-- Parsing content from pg 50 --
-- Parsing content from pg 51 --
-- Parsing content from pg 52 --
-- Parsing content from pg 53 --
-- Parsing content from pg 54 --
-- Parsing content from pg 55 --
-- Parsing content from pg 56 --
-- Parsing content from pg 57 --
-- Parsing content from pg 58 --
-- Parsing content from pg 59 --
-- Parsing content from pg 60 --
-- Parsing content from pg 61 --
-- Parsing content from pg 62 --
-- Parsing content from pg 63 --
-- Parsing content from pg 64 --
-- Parsing content from pg 65 --
-- Parsing content from pg 66 --
-- Parsing content from pg 67 --
-- Parsing content from pg 68 --
-- Parsing content from pg 69 --
-- Parsing content from pg 70 --
-- Parsing content from pg 71 --
-- Parsing content from pg 72 --
-- Parsing content from pg 73 --
-- Parsing content from pg 74 --
-- Parsing content from pg 75 --
-- Parsing content from pg 76 --
-- Parsing content from pg 77 --
-- Parsing content from pg 78 --
-- Parsing content from pg 79 --
-- Parsing content from pg 80 --
-- Parsing content from pg 81 --
-- Parsing content from pg 82 --
-- Parsing content from pg 83 --
-- Parsing content from pg 84 --
-- Parsing content from pg 85 --
-- Parsing content from pg 86 --
-- Parsing content from pg 87 --
-- Parsing content from pg 88 --
-- Parsing content from pg 89 --
-- Parsing content from pg 90 --
-- Parsing content from pg 91 --
-- Parsing content from pg 92 --
-- Parsing content from pg 93 --
-- Parsing content from pg 94 --
-- Parsing content from pg 95 --
-- Parsing content from pg 96 --
-- Parsing content from pg 97 --
-- Parsing content from pg 98 --
-- Parsing content from pg 99 --
-- Parsing content from pg 100 --
-- Parsing content from pg 101 --
-- Parsing content from pg 102 --
-- Parsing content from pg 103 --
-- Parsing content from pg 104 --
-- Parsing content from pg 105 --
-- Parsing content from pg 106 --
-- Parsing content from pg 107 --
-- Parsing content from pg 108 --
-- Parsing content from pg 109 --
-- Parsing content from pg 110 --
-- Parsing content from pg 111 --
-- Parsing content from pg 112 --
-- Parsing content from pg 113 --
-- Parsing content from pg 114 --
-- Parsing content from pg 115 --
-- Parsing content from pg 116 --
-- Parsing content from pg 117 --
-- Parsing content from pg 118 --
-- Parsing content from pg 119 --
-- Parsing content from pg 120 --
-- Parsing content from pg 121 --
-- Parsing content from pg 122 --
-- Parsing content from pg 123 --
-- Parsing content from pg 124 --
-- Parsing content from pg 125 --
-- Parsing content from pg 126 --
-- Parsing content from pg 127 --
-- Parsing content from pg 128 --
-- Parsing content from pg 129 --
-- Parsing content from pg 130 --
-- Parsing content from pg 131 --
-- Parsing content from pg 132 --
-- Parsing content from pg 133 --
-- Parsing content from pg 134 --
-- Parsing content from pg 135 --
-- Parsing content from pg 136 --
-- Parsing content from pg 137 --
-- Parsing content from pg 138 --
-- Parsing content from pg 139 --
-- Parsing content from pg 140 --
-- Parsing content from pg 141 --
-- Parsing content from pg 142 --
-- Parsing content from pg 143 --
-- Parsing content from pg 144 --
-- Parsing content from pg 145 --
-- Parsing content from pg 146 --
-- Parsing content from pg 147 --
-- Parsing content from pg 148 --
-- Parsing content from pg 149 --
-- Parsing content from pg 150 --
-- Parsing content from pg 151 --
-- Parsing content from pg 152 --
-- Parsing content from pg 153 --
-- Parsing content from pg 154 --
-- Parsing content from pg 155 --
-- Parsing content from pg 156 --
-- Parsing content from pg 157 --
-- Parsing content from pg 158 --
-- Parsing content from pg 159 --
-- Parsing content from pg 160 --
[SUCCESS]: Folder-4-Instruction.pdf converted & ready for embedding.

-- Working Folder-4-spare.pdf --
-- Parsing content from pg 1 --
-- Parsing content from pg 2 --
-- Parsing content from pg 3 --
-- Parsing content from pg 4 --
-- Parsing content from pg 5 --
-- Parsing content from pg 6 --
-- Parsing content from pg 7 --
-- Parsing content from pg 8 --
-- Parsing content from pg 9 --
-- Parsing content from pg 10 --
-- Parsing content from pg 11 --
-- Parsing content from pg 12 --
-- Parsing content from pg 13 --
-- Parsing content from pg 14 --
-- Parsing content from pg 15 --
-- Parsing content from pg 16 --
-- Parsing content from pg 17 --
-- Parsing content from pg 18 --
-- Parsing content from pg 19 --
-- Parsing content from pg 20 --
-- Parsing content from pg 21 --
-- Parsing content from pg 22 --
-- Parsing content from pg 23 --
-- Parsing content from pg 24 --
-- Parsing content from pg 25 --
-- Parsing content from pg 26 --
-- Parsing content from pg 27 --
-- Parsing content from pg 28 --
-- Parsing content from pg 29 --
-- Parsing content from pg 30 --
[SUCCESS]: Folder-4-spare.pdf converted & ready for embedding.

-- Working Ironer4-operating (1).pdf --
-- Parsing content from pg 1 --
-- Parsing content from pg 2 --
-- Parsing content from pg 3 --
-- Parsing content from pg 4 --
-- Parsing content from pg 5 --
-- Parsing content from pg 6 --
-- Parsing content from pg 7 --
-- Parsing content from pg 8 --
-- Parsing content from pg 9 --
-- Parsing content from pg 10 --
-- Parsing content from pg 11 --
-- Parsing content from pg 12 --
-- Parsing content from pg 13 --
-- Parsing content from pg 14 --
-- Parsing content from pg 15 --
-- Parsing content from pg 16 --
-- Parsing content from pg 17 --
[SUCCESS]: Ironer4-operating (1).pdf converted & ready for embedding.

-- Working Ironer4-operating.pdf --
-- Parsing content from pg 1 --
-- Parsing content from pg 3 --
-- Parsing content from pg 4 --
-- Parsing content from pg 5 --
-- Parsing content from pg 6 --
-- Parsing content from pg 7 --
-- Parsing content from pg 8 --
-- Parsing content from pg 9 --
-- Parsing content from pg 10 --
-- Parsing content from pg 11 --
-- Parsing content from pg 12 --
-- Parsing content from pg 13 --
-- Parsing content from pg 14 --
-- Parsing content from pg 15 --
-- Parsing content from pg 16 --
-- Parsing content from pg 17 --
-- Parsing content from pg 18 --
-- Parsing content from pg 19 --
-- Parsing content from pg 20 --
-- Parsing content from pg 21 --
-- Parsing content from pg 22 --
-- Parsing content from pg 23 --
-- Parsing content from pg 24 --
-- Parsing content from pg 25 --
-- Parsing content from pg 26 --
-- Parsing content from pg 27 --
-- Parsing content from pg 28 --
-- Parsing content from pg 29 --
-- Parsing content from pg 30 --
-- Parsing content from pg 31 --
-- Parsing content from pg 32 --
-- Parsing content from pg 33 --
-- Parsing content from pg 34 --
-- Parsing content from pg 35 --
-- Parsing content from pg 36 --
-- Parsing content from pg 37 --
-- Parsing content from pg 38 --
-- Parsing content from pg 39 --
-- Parsing content from pg 40 --
-- Parsing content from pg 41 --
-- Parsing content from pg 42 --
-- Parsing content from pg 43 --
-- Parsing content from pg 44 --
-- Parsing content from pg 45 --
-- Parsing content from pg 46 --
-- Parsing content from pg 47 --
-- Parsing content from pg 48 --
-- Parsing content from pg 49 --
-- Parsing content from pg 50 --
-- Parsing content from pg 51 --
-- Parsing content from pg 52 --
-- Parsing content from pg 53 --
-- Parsing content from pg 54 --
-- Parsing content from pg 55 --
-- Parsing content from pg 56 --
-- Parsing content from pg 57 --
-- Parsing content from pg 58 --
-- Parsing content from pg 59 --
-- Parsing content from pg 60 --
-- Parsing content from pg 61 --
-- Parsing content from pg 62 --
-- Parsing content from pg 63 --
-- Parsing content from pg 64 --
-- Parsing content from pg 65 --
-- Parsing content from pg 66 --
-- Parsing content from pg 67 --
-- Parsing content from pg 68 --
-- Parsing content from pg 69 --
-- Parsing content from pg 70 --
-- Parsing content from pg 71 --
-- Parsing content from pg 72 --
-- Parsing content from pg 73 --
-- Parsing content from pg 74 --
-- Parsing content from pg 75 --
-- Parsing content from pg 76 --
-- Parsing content from pg 77 --
-- Parsing content from pg 78 --
-- Parsing content from pg 79 --
-- Parsing content from pg 80 --
-- Parsing content from pg 81 --
-- Parsing content from pg 82 --
-- Parsing content from pg 83 --
-- Parsing content from pg 84 --
-- Parsing content from pg 85 --
-- Parsing content from pg 86 --
-- Parsing content from pg 87 --
-- Parsing content from pg 88 --
-- Parsing content from pg 89 --
-- Parsing content from pg 90 --
-- Parsing content from pg 91 --
-- Parsing content from pg 92 --
-- Parsing content from pg 93 --
-- Parsing content from pg 94 --
-- Parsing content from pg 95 --
-- Parsing content from pg 96 --
-- Parsing content from pg 97 --
-- Parsing content from pg 98 --
-- Parsing content from pg 99 --
-- Parsing content from pg 100 --
-- Parsing content from pg 101 --
-- Parsing content from pg 102 --
-- Parsing content from pg 103 --
-- Parsing content from pg 104 --
-- Parsing content from pg 105 --
-- Parsing content from pg 106 --
-- Parsing content from pg 107 --
-- Parsing content from pg 108 --
-- Parsing content from pg 109 --
-- Parsing content from pg 110 --
-- Parsing content from pg 111 --
-- Parsing content from pg 112 --
-- Parsing content from pg 113 --
-- Parsing content from pg 114 --
-- Parsing content from pg 115 --
-- Parsing content from pg 116 --
-- Parsing content from pg 117 --
-- Parsing content from pg 118 --
-- Parsing content from pg 119 --
-- Parsing content from pg 120 --
-- Parsing content from pg 121 --
-- Parsing content from pg 122 --
-- Parsing content from pg 123 --
-- Parsing content from pg 124 --
-- Parsing content from pg 125 --
-- Parsing content from pg 126 --
-- Parsing content from pg 127 --
-- Parsing content from pg 128 --
-- Parsing content from pg 129 --
-- Parsing content from pg 130 --
-- Parsing content from pg 131 --
-- Parsing content from pg 132 --
-- Parsing content from pg 133 --
-- Parsing content from pg 134 --
-- Parsing content from pg 135 --
-- Parsing content from pg 136 --
-- Parsing content from pg 137 --
-- Parsing content from pg 138 --
-- Parsing content from pg 139 --
-- Parsing content from pg 140 --
-- Parsing content from pg 141 --
-- Parsing content from pg 142 --
-- Parsing content from pg 143 --
-- Parsing content from pg 144 --
-- Parsing content from pg 145 --
-- Parsing content from pg 146 --
-- Parsing content from pg 147 --
-- Parsing content from pg 148 --
-- Parsing content from pg 149 --
-- Parsing content from pg 150 --
-- Parsing content from pg 151 --
-- Parsing content from pg 152 --
-- Parsing content from pg 153 --
-- Parsing content from pg 154 --
-- Parsing content from pg 155 --
-- Parsing content from pg 156 --
-- Parsing content from pg 157 --
-- Parsing content from pg 158 --
-- Parsing content from pg 159 --
-- Parsing content from pg 160 --
-- Parsing content from pg 161 --
-- Parsing content from pg 162 --
-- Parsing content from pg 163 --
-- Parsing content from pg 164 --
-- Parsing content from pg 165 --
-- Parsing content from pg 166 --
-- Parsing content from pg 167 --
-- Parsing content from pg 168 --
-- Parsing content from pg 169 --
-- Parsing content from pg 170 --
-- Parsing content from pg 171 --
-- Parsing content from pg 172 --
-- Parsing content from pg 173 --
-- Parsing content from pg 174 --
-- Parsing content from pg 175 --
-- Parsing content from pg 176 --
-- Parsing content from pg 177 --
-- Parsing content from pg 178 --
-- Parsing content from pg 179 --
-- Parsing content from pg 180 --
-- Parsing content from pg 181 --
-- Parsing content from pg 182 --
-- Parsing content from pg 183 --
-- Parsing content from pg 184 --
-- Parsing content from pg 185 --
-- Parsing content from pg 186 --
-- Parsing content from pg 187 --
-- Parsing content from pg 188 --
-- Parsing content from pg 189 --
-- Parsing content from pg 190 --
-- Parsing content from pg 191 --
-- Parsing content from pg 192 --
-- Parsing content from pg 193 --
-- Parsing content from pg 194 --
-- Parsing content from pg 195 --
-- Parsing content from pg 196 --
-- Parsing content from pg 197 --
-- Parsing content from pg 198 --
-- Parsing content from pg 199 --
-- Parsing content from pg 200 --
-- Parsing content from pg 201 --
-- Parsing content from pg 202 --
-- Parsing content from pg 203 --
-- Parsing content from pg 204 --
-- Parsing content from pg 205 --
-- Parsing content from pg 206 --
-- Parsing content from pg 207 --
-- Parsing content from pg 208 --
-- Parsing content from pg 209 --
-- Parsing content from pg 210 --
-- Parsing content from pg 211 --
-- Parsing content from pg 212 --
-- Parsing content from pg 213 --
-- Parsing content from pg 214 --
-- Parsing content from pg 215 --
-- Parsing content from pg 216 --
-- Parsing content from pg 217 --
-- Parsing content from pg 218 --
-- Parsing content from pg 219 --
-- Parsing content from pg 220 --
-- Parsing content from pg 221 --
-- Parsing content from pg 222 --
-- Parsing content from pg 223 --
-- Parsing content from pg 224 --
-- Parsing content from pg 225 --
-- Parsing content from pg 226 --
-- Parsing content from pg 227 --
-- Parsing content from pg 228 --
-- Parsing content from pg 229 --
-- Parsing content from pg 230 --
-- Parsing content from pg 231 --
-- Parsing content from pg 232 --
-- Parsing content from pg 233 --
-- Parsing content from pg 234 --
-- Parsing content from pg 235 --
-- Parsing content from pg 236 --
-- Parsing content from pg 237 --
-- Parsing content from pg 238 --
-- Parsing content from pg 239 --
-- Parsing content from pg 240 --
-- Parsing content from pg 241 --
-- Parsing content from pg 242 --
-- Parsing content from pg 243 --
-- Parsing content from pg 244 --
-- Parsing content from pg 245 --
-- Parsing content from pg 246 --
-- Parsing content from pg 247 --
-- Parsing content from pg 248 --
-- Parsing content from pg 249 --
-- Parsing content from pg 250 --
-- Parsing content from pg 251 --
-- Parsing content from pg 252 --
-- Parsing content from pg 253 --
-- Parsing content from pg 254 --
-- Parsing content from pg 255 --
-- Parsing content from pg 256 --
-- Parsing content from pg 257 --
-- Parsing content from pg 258 --
-- Parsing content from pg 259 --
-- Parsing content from pg 260 --
-- Parsing content from pg 261 --
-- Parsing content from pg 262 --
-- Parsing content from pg 263 --
-- Parsing content from pg 264 --
-- Parsing content from pg 265 --
-- Parsing content from pg 266 --
-- Parsing content from pg 267 --
-- Parsing content from pg 268 --
-- Parsing content from pg 269 --
-- Parsing content from pg 270 --
-- Parsing content from pg 271 --
-- Parsing content from pg 272 --
-- Parsing content from pg 273 --
-- Parsing content from pg 274 --
-- Parsing content from pg 275 --
-- Parsing content from pg 276 --
-- Parsing content from pg 277 --
-- Parsing content from pg 278 --
-- Parsing content from pg 279 --
-- Parsing content from pg 280 --
[SUCCESS]: Ironer4-operating.pdf converted & ready for embedding.

-- Working Ironer1_2_3-spare.PDF --
-- Parsing content from pg 1 --
-- Parsing content from pg 2 --
-- Parsing content from pg 3 --
-- Parsing content from pg 4 --
-- Parsing content from pg 5 --
-- Parsing content from pg 6 --
-- Parsing content from pg 7 --
-- Parsing content from pg 8 --
-- Parsing content from pg 9 --
-- Parsing content from pg 10 --
-- Parsing content from pg 11 --
-- Parsing content from pg 12 --
-- Parsing content from pg 13 --
-- Parsing content from pg 14 --
-- Parsing content from pg 15 --
-- Parsing content from pg 16 --
-- Parsing content from pg 17 --
-- Parsing content from pg 18 --
-- Parsing content from pg 19 --
-- Parsing content from pg 20 --
-- Parsing content from pg 21 --
-- Parsing content from pg 22 --
-- Parsing content from pg 23 --
-- Parsing content from pg 24 --
-- Parsing content from pg 25 --
-- Parsing content from pg 26 --
[SUCCESS]: Ironer1_2_3-spare.PDF converted & ready for embedding.

-- Working Ironer1-2-3-operating.pdf --
-- Parsing content from pg 1 --
-- Parsing content from pg 2 --
-- Parsing content from pg 3 --
-- Parsing content from pg 4 --
-- Parsing content from pg 5 --
-- Parsing content from pg 6 --
-- Parsing content from pg 7 --
-- Parsing content from pg 8 --
-- Parsing content from pg 9 --
-- Parsing content from pg 10 --
-- Parsing content from pg 11 --
-- Parsing content from pg 12 --
-- Parsing content from pg 13 --
-- Parsing content from pg 14 --
-- Parsing content from pg 15 --
-- Parsing content from pg 16 --
-- Parsing content from pg 17 --
-- Parsing content from pg 18 --
-- Parsing content from pg 19 --
-- Parsing content from pg 20 --
-- Parsing content from pg 21 --
-- Parsing content from pg 22 --
-- Parsing content from pg 23 --
-- Parsing content from pg 24 --
-- Parsing content from pg 25 --
-- Parsing content from pg 26 --
-- Parsing content from pg 27 --
-- Parsing content from pg 28 --
-- Parsing content from pg 29 --
-- Parsing content from pg 30 --
-- Parsing content from pg 31 --
-- Parsing content from pg 32 --
-- Parsing content from pg 33 --
-- Parsing content from pg 34 --
-- Parsing content from pg 35 --
-- Parsing content from pg 36 --
-- Parsing content from pg 37 --
-- Parsing content from pg 38 --
-- Parsing content from pg 39 --
-- Parsing content from pg 40 --
-- Parsing content from pg 41 --
-- Parsing content from pg 42 --
-- Parsing content from pg 43 --
-- Parsing content from pg 44 --
-- Parsing content from pg 45 --
-- Parsing content from pg 46 --
-- Parsing content from pg 47 --
-- Parsing content from pg 48 --
-- Parsing content from pg 49 --
-- Parsing content from pg 50 --
-- Parsing content from pg 51 --
-- Parsing content from pg 52 --
-- Parsing content from pg 53 --
-- Parsing content from pg 54 --
-- Parsing content from pg 55 --
-- Parsing content from pg 56 --
-- Parsing content from pg 57 --
-- Parsing content from pg 58 --
-- Parsing content from pg 59 --
-- Parsing content from pg 60 --
-- Parsing content from pg 61 --
-- Parsing content from pg 62 --
-- Parsing content from pg 63 --
-- Parsing content from pg 64 --
-- Parsing content from pg 65 --
-- Parsing content from pg 66 --
-- Parsing content from pg 67 --
-- Parsing content from pg 68 --
-- Parsing content from pg 69 --
-- Parsing content from pg 70 --
-- Parsing content from pg 71 --
-- Parsing content from pg 72 --
-- Parsing content from pg 73 --
-- Parsing content from pg 74 --
-- Parsing content from pg 75 --
-- Parsing content from pg 76 --
-- Parsing content from pg 77 --
-- Parsing content from pg 78 --
-- Parsing content from pg 79 --
-- Parsing content from pg 80 --
-- Parsing content from pg 81 --
-- Parsing content from pg 82 --
-- Parsing content from pg 83 --
-- Parsing content from pg 84 --
-- Parsing content from pg 85 --
-- Parsing content from pg 86 --
-- Parsing content from pg 87 --
-- Parsing content from pg 88 --
-- Parsing content from pg 89 --
-- Parsing content from pg 90 --
-- Parsing content from pg 91 --
-- Parsing content from pg 92 --
-- Parsing content from pg 93 --
-- Parsing content from pg 94 --
-- Parsing content from pg 95 --
-- Parsing content from pg 96 --
-- Parsing content from pg 97 --
-- Parsing content from pg 98 --
-- Parsing content from pg 99 --
-- Parsing content from pg 100 --
-- Parsing content from pg 101 --
-- Parsing content from pg 102 --
-- Parsing content from pg 103 --
-- Parsing content from pg 104 --
-- Parsing content from pg 105 --
-- Parsing content from pg 106 --
-- Parsing content from pg 107 --
-- Parsing content from pg 108 --
-- Parsing content from pg 109 --
-- Parsing content from pg 110 --
-- Parsing content from pg 111 --
-- Parsing content from pg 112 --
-- Parsing content from pg 113 --
-- Parsing content from pg 114 --
-- Parsing content from pg 115 --
-- Parsing content from pg 116 --
-- Parsing content from pg 117 --
-- Parsing content from pg 118 --
-- Parsing content from pg 119 --
-- Parsing content from pg 120 --
-- Parsing content from pg 121 --
-- Parsing content from pg 122 --
-- Parsing content from pg 123 --
-- Parsing content from pg 124 --
-- Parsing content from pg 125 --
-- Parsing content from pg 126 --
-- Parsing content from pg 127 --
-- Parsing content from pg 128 --
-- Parsing content from pg 129 --
-- Parsing content from pg 130 --
-- Parsing content from pg 131 --
-- Parsing content from pg 132 --
-- Parsing content from pg 133 --
-- Parsing content from pg 134 --
-- Parsing content from pg 135 --
-- Parsing content from pg 136 --
-- Parsing content from pg 137 --
-- Parsing content from pg 138 --
-- Parsing content from pg 139 --
-- Parsing content from pg 140 --
-- Parsing content from pg 141 --
-- Parsing content from pg 142 --
-- Parsing content from pg 143 --
-- Parsing content from pg 144 --
-- Parsing content from pg 145 --
-- Parsing content from pg 146 --
-- Parsing content from pg 147 --
-- Parsing content from pg 148 --
-- Parsing content from pg 149 --
-- Parsing content from pg 150 --
-- Parsing content from pg 151 --
-- Parsing content from pg 152 --
-- Parsing content from pg 153 --
-- Parsing content from pg 154 --
-- Parsing content from pg 155 --
[SUCCESS]: Ironer1-2-3-operating.pdf converted & ready for embedding.

-- Working Feeding-4-operating.pdf --
-- Parsing content from pg 1 --
-- Parsing content from pg 2 --
-- Parsing content from pg 3 --
-- Parsing content from pg 4 --
-- Parsing content from pg 5 --
-- Parsing content from pg 6 --
-- Parsing content from pg 7 --
-- Parsing content from pg 8 --
-- Parsing content from pg 9 --
-- Parsing content from pg 10 --
-- Parsing content from pg 11 --
-- Parsing content from pg 12 --
-- Parsing content from pg 13 --
-- Parsing content from pg 14 --
-- Parsing content from pg 15 --
-- Parsing content from pg 16 --
-- Parsing content from pg 17 --
-- Parsing content from pg 18 --
-- Parsing content from pg 19 --
-- Parsing content from pg 20 --
-- Parsing content from pg 21 --
-- Parsing content from pg 22 --
-- Parsing content from pg 23 --
-- Parsing content from pg 24 --
-- Parsing content from pg 25 --
-- Parsing content from pg 26 --
-- Parsing content from pg 27 --
-- Parsing content from pg 28 --
-- Parsing content from pg 29 --
-- Parsing content from pg 30 --
-- Parsing content from pg 31 --
-- Parsing content from pg 32 --
-- Parsing content from pg 33 --
-- Parsing content from pg 34 --
-- Parsing content from pg 35 --
-- Parsing content from pg 36 --
-- Parsing content from pg 37 --
-- Parsing content from pg 38 --
-- Parsing content from pg 39 --
-- Parsing content from pg 40 --
-- Parsing content from pg 41 --
-- Parsing content from pg 42 --
-- Parsing content from pg 43 --
-- Parsing content from pg 44 --
-- Parsing content from pg 45 --
-- Parsing content from pg 46 --
-- Parsing content from pg 47 --
-- Parsing content from pg 48 --
-- Parsing content from pg 49 --
-- Parsing content from pg 50 --
-- Parsing content from pg 51 --
-- Parsing content from pg 52 --
-- Parsing content from pg 53 --
-- Parsing content from pg 54 --
-- Parsing content from pg 55 --
-- Parsing content from pg 56 --
-- Parsing content from pg 57 --
[SUCCESS]: Feeding-4-operating.pdf converted & ready for embedding.

-- Working CSP-spare.pdf --
-- Parsing content from pg 1 --
-- Parsing content from pg 2 --
-- Parsing content from pg 3 --
-- Parsing content from pg 4 --
[SUCCESS]: CSP-spare.pdf converted & ready for embedding.

-- Working CSP-Operating.pdf --
-- Parsing content from pg 1 --
-- Parsing content from pg 3 --
-- Parsing content from pg 4 --
-- Parsing content from pg 5 --
-- Parsing content from pg 6 --
-- Parsing content from pg 7 --
-- Parsing content from pg 8 --
-- Parsing content from pg 9 --
-- Parsing content from pg 10 --
-- Parsing content from pg 11 --
-- Parsing content from pg 12 --
-- Parsing content from pg 13 --
-- Parsing content from pg 14 --
-- Parsing content from pg 15 --
-- Parsing content from pg 16 --
-- Parsing content from pg 17 --
-- Parsing content from pg 18 --
-- Parsing content from pg 19 --
-- Parsing content from pg 20 --
-- Parsing content from pg 21 --
-- Parsing content from pg 22 --
-- Parsing content from pg 23 --
-- Parsing content from pg 24 --
-- Parsing content from pg 25 --
-- Parsing content from pg 26 --
-- Parsing content from pg 27 --
-- Parsing content from pg 28 --
-- Parsing content from pg 29 --
-- Parsing content from pg 30 --
-- Parsing content from pg 31 --
-- Parsing content from pg 32 --
-- Parsing content from pg 33 --
-- Parsing content from pg 34 --
-- Parsing content from pg 35 --
-- Parsing content from pg 36 --
-- Parsing content from pg 37 --
-- Parsing content from pg 38 --
-- Parsing content from pg 39 --
-- Parsing content from pg 40 --
-- Parsing content from pg 41 --
-- Parsing content from pg 42 --
-- Parsing content from pg 43 --
-- Parsing content from pg 44 --
-- Parsing content from pg 45 --
-- Parsing content from pg 46 --
-- Parsing content from pg 47 --
-- Parsing content from pg 48 --
-- Parsing content from pg 49 --
-- Parsing content from pg 50 --
-- Parsing content from pg 51 --
-- Parsing content from pg 52 --
-- Parsing content from pg 53 --
-- Parsing content from pg 54 --
-- Parsing content from pg 55 --
-- Parsing content from pg 56 --
-- Parsing content from pg 57 --
-- Parsing content from pg 58 --
-- Parsing content from pg 59 --
-- Parsing content from pg 60 --
-- Parsing content from pg 61 --
-- Parsing content from pg 62 --
-- Parsing content from pg 63 --
-- Parsing content from pg 64 --
-- Parsing content from pg 65 --
-- Parsing content from pg 66 --
-- Parsing content from pg 67 --
-- Parsing content from pg 68 --
-- Parsing content from pg 69 --
-- Parsing content from pg 70 --
-- Parsing content from pg 71 --
-- Parsing content from pg 72 --
-- Parsing content from pg 73 --
-- Parsing content from pg 74 --
-- Parsing content from pg 75 --
-- Parsing content from pg 76 --
-- Parsing content from pg 77 --
-- Parsing content from pg 78 --
-- Parsing content from pg 79 --
-- Parsing content from pg 80 --
-- Parsing content from pg 81 --
-- Parsing content from pg 82 --
-- Parsing content from pg 83 --
-- Parsing content from pg 84 --
-- Parsing content from pg 85 --
-- Parsing content from pg 86 --
-- Parsing content from pg 87 --
-- Parsing content from pg 88 --
-- Parsing content from pg 89 --
-- Parsing content from pg 90 --
-- Parsing content from pg 91 --
-- Parsing content from pg 92 --
-- Parsing content from pg 93 --
-- Parsing content from pg 94 --
[SUCCESS]: CSP-Operating.pdf converted & ready for embedding.

-- Working There are two magnetic sensors loca.txt --
[SUCCESS]: There are two magnetic sensors loca.txt converted & ready for embedding.

-- Working testmemory.txt --
[SUCCESS]: testmemory.txt converted & ready for embedding.

-- Working Waterextractionpress13_opperating.pdf --
Warning: filter "Crypt" not supported yet
-- Parsing content from pg 1 --
-- Parsing content from pg 2 --
-- Parsing content from pg 3 --
-- Parsing content from pg 4 --
-- Parsing content from pg 5 --
-- Parsing content from pg 6 --
-- Parsing content from pg 7 --
-- Parsing content from pg 8 --
-- Parsing content from pg 9 --
-- Parsing content from pg 10 --
-- Parsing content from pg 11 --
-- Parsing content from pg 12 --
-- Parsing content from pg 13 --
-- Parsing content from pg 14 --
-- Parsing content from pg 15 --
-- Parsing content from pg 16 --
-- Parsing content from pg 17 --
-- Parsing content from pg 18 --
-- Parsing content from pg 19 --
-- Parsing content from pg 20 --
-- Parsing content from pg 21 --
-- Parsing content from pg 22 --
-- Parsing content from pg 23 --
-- Parsing content from pg 24 --
-- Parsing content from pg 25 --
-- Parsing content from pg 26 --
-- Parsing content from pg 27 --
-- Parsing content from pg 28 --
-- Parsing content from pg 29 --
-- Parsing content from pg 30 --
-- Parsing content from pg 31 --
-- Parsing content from pg 32 --
-- Parsing content from pg 33 --
-- Parsing content from pg 34 --
-- Parsing content from pg 35 --
-- Parsing content from pg 36 --
-- Parsing content from pg 37 --
-- Parsing content from pg 38 --
-- Parsing content from pg 39 --
-- Parsing content from pg 40 --
-- Parsing content from pg 41 --
-- Parsing content from pg 42 --
-- Parsing content from pg 43 --
-- Parsing content from pg 44 --
-- Parsing content from pg 45 --
-- Parsing content from pg 46 --
-- Parsing content from pg 47 --
-- Parsing content from pg 48 --
-- Parsing content from pg 49 --
-- Parsing content from pg 50 --
-- Parsing content from pg 51 --
-- Parsing content from pg 52 --
-- Parsing content from pg 53 --
-- Parsing content from pg 54 --
-- Parsing content from pg 55 --
-- Parsing content from pg 56 --
-- Parsing content from pg 57 --
-- Parsing content from pg 58 --
-- Parsing content from pg 59 --
-- Parsing content from pg 60 --
-- Parsing content from pg 61 --
-- Parsing content from pg 62 --
-- Parsing content from pg 63 --
-- Parsing content from pg 64 --
-- Parsing content from pg 65 --
-- Parsing content from pg 66 --
-- Parsing content from pg 67 --
-- Parsing content from pg 68 --
-- Parsing content from pg 69 --
-- Parsing content from pg 70 --
-- Parsing content from pg 71 --
-- Parsing content from pg 72 --
-- Parsing content from pg 73 --
-- Parsing content from pg 74 --
-- Parsing content from pg 75 --
-- Parsing content from pg 76 --
-- Parsing content from pg 77 --
-- Parsing content from pg 78 --
-- Parsing content from pg 79 --
-- Parsing content from pg 80 --
-- Parsing content from pg 81 --
-- Parsing content from pg 82 --
-- Parsing content from pg 83 --
-- Parsing content from pg 84 --
-- Parsing content from pg 85 --
-- Parsing content from pg 86 --
-- Parsing content from pg 87 --
-- Parsing content from pg 88 --
-- Parsing content from pg 89 --
-- Parsing content from pg 90 --
-- Parsing content from pg 91 --
-- Parsing content from pg 92 --
-- Parsing content from pg 93 --
-- Parsing content from pg 94 --
-- Parsing content from pg 95 --
-- Parsing content from pg 96 --
-- Parsing content from pg 97 --
-- Parsing content from pg 98 --
-- Parsing content from pg 99 --
-- Parsing content from pg 100 --
-- Parsing content from pg 101 --
-- Parsing content from pg 102 --
-- Parsing content from pg 103 --
-- Parsing content from pg 104 --
-- Parsing content from pg 105 --
-- Parsing content from pg 106 --
-- Parsing content from pg 107 --
-- Parsing content from pg 108 --
-- Parsing content from pg 109 --
-- Parsing content from pg 110 --
-- Parsing content from pg 111 --
-- Parsing content from pg 112 --
-- Parsing content from pg 113 --
-- Parsing content from pg 114 --
-- Parsing content from pg 115 --
-- Parsing content from pg 116 --
-- Parsing content from pg 117 --
-- Parsing content from pg 118 --
-- Parsing content from pg 119 --
-- Parsing content from pg 120 --
-- Parsing content from pg 121 --
-- Parsing content from pg 122 --
-- Parsing content from pg 123 --
-- Parsing content from pg 124 --
-- Parsing content from pg 125 --
-- Parsing content from pg 126 --
-- Parsing content from pg 127 --
-- Parsing content from pg 128 --
-- Parsing content from pg 129 --
-- Parsing content from pg 130 --
-- Parsing content from pg 131 --
-- Parsing content from pg 132 --
-- Parsing content from pg 133 --
-- Parsing content from pg 134 --
-- Parsing content from pg 135 --
-- Parsing content from pg 136 --
-- Parsing content from pg 137 --
-- Parsing content from pg 138 --
-- Parsing content from pg 139 --
-- Parsing content from pg 140 --
-- Parsing content from pg 141 --
-- Parsing content from pg 142 --
-- Parsing content from pg 143 --
-- Parsing content from pg 144 --
-- Parsing content from pg 145 --
-- Parsing content from pg 146 --
-- Parsing content from pg 147 --
-- Parsing content from pg 148 --
-- Parsing content from pg 149 --
-- Parsing content from pg 150 --
-- Parsing content from pg 151 --
-- Parsing content from pg 152 --
-- Parsing content from pg 153 --
-- Parsing content from pg 154 --
-- Parsing content from pg 155 --
-- Parsing content from pg 156 --
-- Parsing content from pg 157 --
-- Parsing content from pg 158 --
-- Parsing content from pg 159 --
-- Parsing content from pg 160 --
-- Parsing content from pg 161 --
-- Parsing content from pg 162 --
-- Parsing content from pg 163 --
-- Parsing content from pg 164 --
-- Parsing content from pg 165 --
-- Parsing content from pg 166 --
-- Parsing content from pg 167 --
-- Parsing content from pg 168 --
-- Parsing content from pg 169 --
-- Parsing content from pg 170 --
-- Parsing content from pg 171 --
-- Parsing content from pg 172 --
-- Parsing content from pg 173 --
-- Parsing content from pg 174 --
-- Parsing content from pg 175 --
-- Parsing content from pg 176 --
-- Parsing content from pg 177 --
-- Parsing content from pg 178 --
-- Parsing content from pg 179 --
-- Parsing content from pg 180 --
-- Parsing content from pg 181 --
-- Parsing content from pg 182 --
-- Parsing content from pg 183 --
-- Parsing content from pg 184 --
-- Parsing content from pg 185 --
-- Parsing content from pg 186 --
-- Parsing content from pg 187 --
-- Parsing content from pg 188 --
-- Parsing content from pg 189 --
-- Parsing content from pg 190 --
-- Parsing content from pg 191 --
-- Parsing content from pg 192 --
-- Parsing content from pg 193 --
-- Parsing content from pg 194 --
-- Parsing content from pg 195 --
-- Parsing content from pg 196 --
-- Parsing content from pg 197 --
-- Parsing content from pg 198 --
-- Parsing content from pg 199 --
-- Parsing content from pg 200 --
-- Parsing content from pg 201 --
-- Parsing content from pg 202 --
-- Parsing content from pg 203 --
-- Parsing content from pg 204 --
-- Parsing content from pg 205 --
-- Parsing content from pg 206 --
-- Parsing content from pg 207 --
-- Parsing content from pg 208 --
-- Parsing content from pg 209 --
-- Parsing content from pg 210 --
-- Parsing content from pg 211 --
-- Parsing content from pg 212 --
-- Parsing content from pg 213 --
-- Parsing content from pg 214 --
-- Parsing content from pg 215 --
-- Parsing content from pg 216 --
-- Parsing content from pg 217 --
-- Parsing content from pg 218 --
-- Parsing content from pg 219 --
[SUCCESS]: Waterextractionpress13_opperating.pdf converted & ready for embedding.

-- Working Waterextractionpress13_opperating.pdf --
Warning: filter "Crypt" not supported yet
-- Parsing content from pg 1 --
-- Parsing content from pg 2 --
-- Parsing content from pg 3 --
-- Parsing content from pg 4 --
-- Parsing content from pg 5 --
-- Parsing content from pg 6 --
-- Parsing content from pg 7 --
-- Parsing content from pg 8 --
-- Parsing content from pg 9 --
-- Parsing content from pg 10 --
-- Parsing content from pg 11 --
-- Parsing content from pg 12 --
-- Parsing content from pg 13 --
-- Parsing content from pg 14 --
-- Parsing content from pg 15 --
-- Parsing content from pg 16 --
-- Parsing content from pg 17 --
-- Parsing content from pg 18 --
-- Parsing content from pg 19 --
-- Parsing content from pg 20 --
-- Parsing content from pg 21 --
-- Parsing content from pg 22 --
-- Parsing content from pg 23 --
-- Parsing content from pg 24 --
-- Parsing content from pg 25 --
-- Parsing content from pg 26 --
-- Parsing content from pg 27 --
-- Parsing content from pg 28 --
-- Parsing content from pg 29 --
-- Parsing content from pg 30 --
-- Parsing content from pg 31 --
-- Parsing content from pg 32 --
-- Parsing content from pg 33 --
-- Parsing content from pg 34 --
-- Parsing content from pg 35 --
-- Parsing content from pg 36 --
-- Parsing content from pg 37 --
-- Parsing content from pg 38 --
-- Parsing content from pg 39 --
-- Parsing content from pg 40 --
-- Parsing content from pg 41 --
-- Parsing content from pg 42 --
-- Parsing content from pg 43 --
-- Parsing content from pg 44 --
-- Parsing content from pg 45 --
-- Parsing content from pg 46 --
-- Parsing content from pg 47 --
-- Parsing content from pg 48 --
-- Parsing content from pg 49 --
-- Parsing content from pg 50 --
-- Parsing content from pg 51 --
-- Parsing content from pg 52 --
-- Parsing content from pg 53 --
-- Parsing content from pg 54 --
-- Parsing content from pg 55 --
-- Parsing content from pg 56 --
-- Parsing content from pg 57 --
-- Parsing content from pg 58 --
-- Parsing content from pg 59 --
-- Parsing content from pg 60 --
-- Parsing content from pg 61 --
-- Parsing content from pg 62 --
-- Parsing content from pg 63 --
-- Parsing content from pg 64 --
-- Parsing content from pg 65 --
-- Parsing content from pg 66 --
-- Parsing content from pg 67 --
-- Parsing content from pg 68 --
-- Parsing content from pg 69 --
-- Parsing content from pg 70 --
-- Parsing content from pg 71 --
-- Parsing content from pg 72 --
-- Parsing content from pg 73 --
-- Parsing content from pg 74 --
-- Parsing content from pg 75 --
-- Parsing content from pg 76 --
-- Parsing content from pg 77 --
-- Parsing content from pg 78 --
-- Parsing content from pg 79 --
-- Parsing content from pg 80 --
-- Parsing content from pg 81 --
-- Parsing content from pg 82 --
-- Parsing content from pg 83 --
-- Parsing content from pg 84 --
-- Parsing content from pg 85 --
-- Parsing content from pg 86 --
-- Parsing content from pg 87 --
-- Parsing content from pg 88 --
-- Parsing content from pg 89 --
-- Parsing content from pg 90 --
-- Parsing content from pg 91 --
-- Parsing content from pg 92 --
-- Parsing content from pg 93 --
-- Parsing content from pg 94 --
-- Parsing content from pg 95 --
-- Parsing content from pg 96 --
-- Parsing content from pg 97 --
-- Parsing content from pg 98 --
-- Parsing content from pg 99 --
-- Parsing content from pg 100 --
-- Parsing content from pg 101 --
-- Parsing content from pg 102 --
-- Parsing content from pg 103 --
-- Parsing content from pg 104 --
-- Parsing content from pg 105 --
-- Parsing content from pg 106 --
-- Parsing content from pg 107 --
-- Parsing content from pg 108 --
-- Parsing content from pg 109 --
-- Parsing content from pg 110 --
-- Parsing content from pg 111 --
-- Parsing content from pg 112 --
-- Parsing content from pg 113 --
-- Parsing content from pg 114 --
-- Parsing content from pg 115 --
-- Parsing content from pg 116 --
-- Parsing content from pg 117 --
-- Parsing content from pg 118 --
-- Parsing content from pg 119 --
-- Parsing content from pg 120 --
-- Parsing content from pg 121 --
-- Parsing content from pg 122 --
-- Parsing content from pg 123 --
-- Parsing content from pg 124 --
-- Parsing content from pg 125 --
-- Parsing content from pg 126 --
-- Parsing content from pg 127 --
-- Parsing content from pg 128 --
-- Parsing content from pg 129 --
-- Parsing content from pg 130 --
-- Parsing content from pg 131 --
-- Parsing content from pg 132 --
-- Parsing content from pg 133 --
-- Parsing content from pg 134 --
-- Parsing content from pg 135 --
-- Parsing content from pg 136 --
-- Parsing content from pg 137 --
-- Parsing content from pg 138 --
-- Parsing content from pg 139 --
-- Parsing content from pg 140 --
-- Parsing content from pg 141 --
-- Parsing content from pg 142 --
-- Parsing content from pg 143 --
-- Parsing content from pg 144 --
-- Parsing content from pg 145 --
-- Parsing content from pg 146 --
-- Parsing content from pg 147 --
-- Parsing content from pg 148 --
-- Parsing content from pg 149 --
-- Parsing content from pg 150 --
-- Parsing content from pg 151 --
-- Parsing content from pg 152 --
-- Parsing content from pg 153 --
-- Parsing content from pg 154 --
-- Parsing content from pg 155 --
-- Parsing content from pg 156 --
-- Parsing content from pg 157 --
-- Parsing content from pg 158 --
-- Parsing content from pg 159 --
-- Parsing content from pg 160 --
-- Parsing content from pg 161 --
-- Parsing content from pg 162 --
-- Parsing content from pg 163 --
-- Parsing content from pg 164 --
-- Parsing content from pg 165 --
-- Parsing content from pg 166 --
-- Parsing content from pg 167 --
-- Parsing content from pg 168 --
-- Parsing content from pg 169 --
-- Parsing content from pg 170 --
-- Parsing content from pg 171 --
-- Parsing content from pg 172 --
-- Parsing content from pg 173 --
-- Parsing content from pg 174 --
-- Parsing content from pg 175 --
-- Parsing content from pg 176 --
-- Parsing content from pg 177 --
-- Parsing content from pg 178 --
-- Parsing content from pg 179 --
-- Parsing content from pg 180 --
-- Parsing content from pg 181 --
-- Parsing content from pg 182 --
-- Parsing content from pg 183 --
-- Parsing content from pg 184 --
-- Parsing content from pg 185 --
-- Parsing content from pg 186 --
-- Parsing content from pg 187 --
-- Parsing content from pg 188 --
-- Parsing content from pg 189 --
-- Parsing content from pg 190 --
-- Parsing content from pg 191 --
-- Parsing content from pg 192 --
-- Parsing content from pg 193 --
-- Parsing content from pg 194 --
-- Parsing content from pg 195 --
-- Parsing content from pg 196 --
-- Parsing content from pg 197 --
-- Parsing content from pg 198 --
-- Parsing content from pg 199 --
-- Parsing content from pg 200 --
-- Parsing content from pg 201 --
-- Parsing content from pg 202 --
-- Parsing content from pg 203 --
-- Parsing content from pg 204 --
-- Parsing content from pg 205 --
-- Parsing content from pg 206 --
-- Parsing content from pg 207 --
-- Parsing content from pg 208 --
-- Parsing content from pg 209 --
-- Parsing content from pg 210 --
-- Parsing content from pg 211 --
-- Parsing content from pg 212 --
-- Parsing content from pg 213 --
-- Parsing content from pg 214 --
-- Parsing content from pg 215 --
-- Parsing content from pg 216 --
-- Parsing content from pg 217 --
-- Parsing content from pg 218 --
-- Parsing content from pg 219 --
[SUCCESS]: Waterextractionpress13_opperating.pdf converted & ready for embedding.

-- Working Storagetransfer_operating.pdf --
-- Parsing content from pg 1 --
-- Parsing content from pg 3 --
-- Parsing content from pg 4 --
-- Parsing content from pg 5 --
-- Parsing content from pg 6 --
-- Parsing content from pg 7 --
-- Parsing content from pg 8 --
-- Parsing content from pg 9 --
-- Parsing content from pg 10 --
-- Parsing content from pg 11 --
-- Parsing content from pg 12 --
-- Parsing content from pg 13 --
-- Parsing content from pg 14 --
-- Parsing content from pg 15 --
-- Parsing content from pg 16 --
-- Parsing content from pg 17 --
-- Parsing content from pg 18 --
-- Parsing content from pg 19 --
-- Parsing content from pg 20 --
-- Parsing content from pg 21 --
-- Parsing content from pg 22 --
-- Parsing content from pg 23 --
-- Parsing content from pg 24 --
-- Parsing content from pg 25 --
-- Parsing content from pg 26 --
-- Parsing content from pg 27 --
-- Parsing content from pg 28 --
-- Parsing content from pg 29 --
-- Parsing content from pg 30 --
-- Parsing content from pg 31 --
-- Parsing content from pg 32 --
-- Parsing content from pg 33 --
-- Parsing content from pg 34 --
-- Parsing content from pg 35 --
-- Parsing content from pg 36 --
-- Parsing content from pg 37 --
-- Parsing content from pg 38 --
-- Parsing content from pg 39 --
-- Parsing content from pg 40 --
-- Parsing content from pg 41 --
-- Parsing content from pg 42 --
-- Parsing content from pg 43 --
-- Parsing content from pg 44 --
-- Parsing content from pg 45 --
-- Parsing content from pg 46 --
-- Parsing content from pg 47 --
-- Parsing content from pg 48 --
-- Parsing content from pg 49 --
-- Parsing content from pg 50 --
-- Parsing content from pg 51 --
-- Parsing content from pg 52 --
[SUCCESS]: Storagetransfer_operating.pdf converted & ready for embedding.

-- Working Storagetransfer_spare.pdf --
-- Parsing content from pg 1 --
[SUCCESS]: Storagetransfer_spare.pdf converted & ready for embedding.

Collector hot directory and tmp storage wiped!
Document processor app listening on port 8888
Collector hot directory and tmp storage wiped!
Document processor app listening on port 8888
Collector hot directory and tmp storage wiped!
Document processor app listening on port 8888
Collector hot directory and tmp storage wiped!
Document processor app listening on port 8888
Collector hot directory and tmp storage wiped!
Document processor app listening on port 8888
Collector hot directory and tmp storage wiped!
Document processor app listening on port 8888
[36m[collector][0m [32minfo[39m: Collector hot directory and tmp storage wiped!
[36m[collector][0m [32minfo[39m: Document processor app listening on port 8888
[36m[collector][0m [32minfo[39m: -- Working Raw Text doc memory-convo-ws51-th99-1738715120.txt --
[36m[collector][0m [32minfo[39m: [SUCCESS]: Raw text and metadata saved & ready for embedding.

[36m[collector][0m [32minfo[39m: -- Working Raw Text doc memory-convo-ws51-th99-1738715253.txt --
[36m[collector][0m [32minfo[39m: [SUCCESS]: Raw text and metadata saved & ready for embedding.

[36m[collector][0m [32minfo[39m: -- Working Raw Text doc memory-convo-ws72-th102-1738716679.txt --
[36m[collector][0m [32minfo[39m: [SUCCESS]: Raw text and metadata saved & ready for embedding.

[36m[collector][0m [32minfo[39m: -- Working Raw Text doc memory-convo-ws51-th99-1738716681.txt --
[36m[collector][0m [32minfo[39m: [SUCCESS]: Raw text and metadata saved & ready for embedding.

[36m[collector][0m [32minfo[39m: -- Working Raw Text doc memory-convo-ws72-th103-1738769240.txt --
[36m[collector][0m [32minfo[39m: [SUCCESS]: Raw text and metadata saved & ready for embedding.

[36m[collector][0m [32minfo[39m: -- Working Raw Text doc memory-convo-ws72-th104-1738780382.txt --
[36m[collector][0m [32minfo[39m: [SUCCESS]: Raw text and metadata saved & ready for embedding.

[36m[collector][0m [32minfo[39m: Collector hot directory and tmp storage wiped!
[36m[collector][0m [32minfo[39m: Document processor app listening on port 8888
[36m[collector][0m [32minfo[39m: -- Working Raw Text doc memory-convo-ws62-th118-1739236905.txt --
[36m[collector][0m [32minfo[39m: [SUCCESS]: Raw text and metadata saved & ready for embedding.

[36m[collector][0m [32minfo[39m: -- Working Raw Text doc memory-convo-ws62-th117-1739236907.txt --
[36m[collector][0m [32minfo[39m: [SUCCESS]: Raw text and metadata saved & ready for embedding.

[36m[collector][0m [32minfo[39m: -- Working Raw Text doc memory-convo-ws49-th119-1739307012.txt --
[36m[collector][0m [32minfo[39m: [SUCCESS]: Raw text and metadata saved & ready for embedding.

[36m[collector][0m [32minfo[39m: -- Working 1004711687e2d002_01.pdf --
[36m[collector][0m [32minfo[39m: -- Parsing content from pg 1 --
[36m[collector][0m [32minfo[39m: -- Parsing content from pg 2 --
[36m[collector][0m [32minfo[39m: -- Parsing content from pg 3 --
[36m[collector][0m [32minfo[39m: -- Parsing content from pg 4 --
[36m[collector][0m [32minfo[39m: -- Parsing content from pg 5 --
[36m[collector][0m [32minfo[39m: -- Parsing content from pg 6 --
[36m[collector][0m [32minfo[39m: -- Parsing content from pg 7 --
[36m[collector][0m [32minfo[39m: -- Parsing content from pg 8 --
[36m[collector][0m [32minfo[39m: -- Parsing content from pg 9 --
[36m[collector][0m [32minfo[39m: -- Parsing content from pg 10 --
[36m[collector][0m [32minfo[39m: -- Parsing content from pg 11 --
[36m[collector][0m [32minfo[39m: -- Parsing content from pg 12 --
[36m[collector][0m [32minfo[39m: -- Parsing content from pg 13 --
[36m[collector][0m [32minfo[39m: -- Parsing content from pg 14 --
[36m[collector][0m [32minfo[39m: -- Parsing content from pg 15 --
[36m[collector][0m [32minfo[39m: -- Parsing content from pg 16 --
[36m[collector][0m [32minfo[39m: -- Parsing content from pg 17 --
[36m[collector][0m [32minfo[39m: -- Parsing content from pg 18 --
[36m[collector][0m [32minfo[39m: -- Parsing content from pg 19 --
[36m[collector][0m [32minfo[39m: -- Parsing content from pg 20 --
[36m[collector][0m [32minfo[39m: -- Parsing content from pg 21 --
[36m[collector][0m [32minfo[39m: -- Parsing content from pg 22 --
[36m[collector][0m [32minfo[39m: -- Parsing content from pg 23 --
[36m[collector][0m [32minfo[39m: -- Parsing content from pg 24 --
[36m[collector][0m [32minfo[39m: -- Parsing content from pg 25 --
[36m[collector][0m [32minfo[39m: -- Parsing content from pg 26 --
[36m[collector][0m [32minfo[39m: -- Parsing content from pg 27 --
[36m[collector][0m [32minfo[39m: -- Parsing content from pg 28 --
[36m[collector][0m [32minfo[39m: -- Parsing content from pg 29 --
[36m[collector][0m [32minfo[39m: -- Parsing content from pg 30 --
[36m[collector][0m [32minfo[39m: -- Parsing content from pg 31 --
[36m[collector][0m [32minfo[39m: -- Parsing content from pg 32 --
[36m[collector][0m [32minfo[39m: -- Parsing content from pg 33 --
[36m[collector][0m [32minfo[39m: -- Parsing content from pg 34 --
[36m[collector][0m [32minfo[39m: -- Parsing content from pg 35 --
[36m[collector][0m [32minfo[39m: -- Parsing content from pg 36 --
[36m[collector][0m [32minfo[39m: -- Parsing content from pg 37 --
[36m[collector][0m [32minfo[39m: -- Parsing content from pg 38 --
[36m[collector][0m [32minfo[39m: -- Parsing content from pg 39 --
[36m[collector][0m [32minfo[39m: -- Parsing content from pg 40 --
[36m[collector][0m [32minfo[39m: -- Parsing content from pg 41 --
[36m[collector][0m [32minfo[39m: -- Parsing content from pg 42 --
[36m[collector][0m [32minfo[39m: -- Parsing content from pg 43 --
[36m[collector][0m [32minfo[39m: -- Parsing content from pg 44 --
[36m[collector][0m [32minfo[39m: -- Parsing content from pg 45 --
[36m[collector][0m [32minfo[39m: -- Parsing content from pg 46 --
[36m[collector][0m [32minfo[39m: -- Parsing content from pg 47 --
[36m[collector][0m [32minfo[39m: -- Parsing content from pg 48 --
[36m[collector][0m [32minfo[39m: -- Parsing content from pg 49 --
[36m[collector][0m [32minfo[39m: -- Parsing content from pg 50 --
[36m[collector][0m [32minfo[39m: -- Parsing content from pg 51 --
[36m[collector][0m [32minfo[39m: -- Parsing content from pg 52 --
[36m[collector][0m [32minfo[39m: -- Parsing content from pg 53 --
[36m[collector][0m [32minfo[39m: -- Parsing content from pg 54 --
[36m[collector][0m [32minfo[39m: -- Parsing content from pg 55 --
[36m[collector][0m [32minfo[39m: -- Parsing content from pg 56 --
[36m[collector][0m [32minfo[39m: -- Parsing content from pg 57 --
[36m[collector][0m [32minfo[39m: -- Parsing content from pg 58 --
[36m[collector][0m [32minfo[39m: -- Parsing content from pg 59 --
[36m[collector][0m [32minfo[39m: -- Parsing content from pg 60 --
[36m[collector][0m [32minfo[39m: -- Parsing content from pg 61 --
[36m[collector][0m [32minfo[39m: -- Parsing content from pg 62 --
[36m[collector][0m [32minfo[39m: -- Parsing content from pg 63 --
[36m[collector][0m [32minfo[39m: -- Parsing content from pg 64 --
[36m[collector][0m [32minfo[39m: -- Parsing content from pg 65 --
[36m[collector][0m [32minfo[39m: -- Parsing content from pg 66 --
[36m[collector][0m [32minfo[39m: -- Parsing content from pg 67 --
[36m[collector][0m [32minfo[39m: -- Parsing content from pg 68 --
[36m[collector][0m [32minfo[39m: -- Parsing content from pg 69 --
[36m[collector][0m [32minfo[39m: -- Parsing content from pg 70 --
[36m[collector][0m [32minfo[39m: -- Parsing content from pg 71 --
[36m[collector][0m [32minfo[39m: -- Parsing content from pg 72 --
[36m[collector][0m [32minfo[39m: -- Parsing content from pg 73 --
[36m[collector][0m [32minfo[39m: -- Parsing content from pg 74 --
[36m[collector][0m [32minfo[39m: -- Parsing content from pg 75 --
[36m[collector][0m [32minfo[39m: -- Parsing content from pg 76 --
[36m[collector][0m [32minfo[39m: -- Parsing content from pg 77 --
[36m[collector][0m [32minfo[39m: -- Parsing content from pg 78 --
[36m[collector][0m [32minfo[39m: -- Parsing content from pg 79 --
[36m[collector][0m [32minfo[39m: -- Parsing content from pg 80 --
[36m[collector][0m [32minfo[39m: -- Parsing content from pg 81 --
[36m[collector][0m [32minfo[39m: -- Parsing content from pg 82 --
[36m[collector][0m [32minfo[39m: -- Parsing content from pg 83 --
[36m[collector][0m [32minfo[39m: -- Parsing content from pg 84 --
[36m[collector][0m [32minfo[39m: -- Parsing content from pg 85 --
[36m[collector][0m [32minfo[39m: -- Parsing content from pg 86 --
[36m[collector][0m [32minfo[39m: -- Parsing content from pg 87 --
[36m[collector][0m [32minfo[39m: -- Parsing content from pg 88 --
[36m[collector][0m [32minfo[39m: -- Parsing content from pg 89 --
[36m[collector][0m [32minfo[39m: -- Parsing content from pg 90 --
[36m[collector][0m [32minfo[39m: -- Parsing content from pg 91 --
[36m[collector][0m [32minfo[39m: -- Parsing content from pg 92 --
[36m[collector][0m [32minfo[39m: -- Parsing content from pg 93 --
[36m[collector][0m [32minfo[39m: -- Parsing content from pg 94 --
[36m[collector][0m [32minfo[39m: -- Parsing content from pg 95 --
[36m[collector][0m [32minfo[39m: -- Parsing content from pg 96 --
[36m[collector][0m [32minfo[39m: -- Parsing content from pg 97 --
[36m[collector][0m [32minfo[39m: -- Parsing content from pg 98 --
[36m[collector][0m [32minfo[39m: [SUCCESS]: 1004711687e2d002_01.pdf converted & ready for embedding.

[36m[collector][0m [32minfo[39m: -- Working Error_messages_EMQ_Synchro_EMT_Synchro_and_EMA_II__2_.pdf --
[36m[collector][0m [32minfo[39m: -- Parsing content from pg 1 --
[36m[collector][0m [32minfo[39m: -- Parsing content from pg 2 --
[36m[collector][0m [32minfo[39m: -- Parsing content from pg 3 --
[36m[collector][0m [32minfo[39m: -- Parsing content from pg 4 --
[36m[collector][0m [32minfo[39m: -- Parsing content from pg 5 --
[36m[collector][0m [32minfo[39m: -- Parsing content from pg 6 --
[36m[collector][0m [32minfo[39m: -- Parsing content from pg 7 --
[36m[collector][0m [32minfo[39m: -- Parsing content from pg 8 --
[36m[collector][0m [32minfo[39m: -- Parsing content from pg 9 --
[36m[collector][0m [32minfo[39m: -- Parsing content from pg 10 --
[36m[collector][0m [32minfo[39m: -- Parsing content from pg 11 --
[36m[collector][0m [32minfo[39m: -- Parsing content from pg 12 --
[36m[collector][0m [32minfo[39m: -- Parsing content from pg 13 --
[36m[collector][0m [32minfo[39m: -- Parsing content from pg 14 --
[36m[collector][0m [32minfo[39m: -- Parsing content from pg 15 --
[36m[collector][0m [32minfo[39m: -- Parsing content from pg 16 --
[36m[collector][0m [32minfo[39m: -- Parsing content from pg 17 --
[36m[collector][0m [32minfo[39m: -- Parsing content from pg 18 --
[36m[collector][0m [32minfo[39m: -- Parsing content from pg 19 --
[36m[collector][0m [32minfo[39m: -- Parsing content from pg 20 --
[36m[collector][0m [32minfo[39m: -- Parsing content from pg 21 --
[36m[collector][0m [32minfo[39m: -- Parsing content from pg 22 --
[36m[collector][0m [32minfo[39m: -- Parsing content from pg 23 --
[36m[collector][0m [32minfo[39m: -- Parsing content from pg 24 --
[36m[collector][0m [32minfo[39m: -- Parsing content from pg 25 --
[36m[collector][0m [32minfo[39m: -- Parsing content from pg 26 --
[36m[collector][0m [32minfo[39m: -- Parsing content from pg 27 --
[36m[collector][0m [32minfo[39m: -- Parsing content from pg 28 --
[36m[collector][0m [32minfo[39m: -- Parsing content from pg 29 --
[36m[collector][0m [32minfo[39m: -- Parsing content from pg 30 --
[36m[collector][0m [32minfo[39m: -- Parsing content from pg 31 --
[36m[collector][0m [32minfo[39m: -- Parsing content from pg 32 --
[36m[collector][0m [32minfo[39m: -- Parsing content from pg 33 --
[36m[collector][0m [32minfo[39m: -- Parsing content from pg 34 --
[36m[collector][0m [32minfo[39m: -- Parsing content from pg 35 --
[36m[collector][0m [32minfo[39m: -- Parsing content from pg 36 --
[36m[collector][0m [32minfo[39m: -- Parsing content from pg 37 --
[36m[collector][0m [32minfo[39m: -- Parsing content from pg 38 --
[36m[collector][0m [32minfo[39m: -- Parsing content from pg 39 --
[36m[collector][0m [32minfo[39m: -- Parsing content from pg 40 --
[36m[collector][0m [32minfo[39m: -- Parsing content from pg 41 --
[36m[collector][0m [32minfo[39m: -- Parsing content from pg 42 --
[36m[collector][0m [32minfo[39m: -- Parsing content from pg 43 --
[36m[collector][0m [32minfo[39m: -- Parsing content from pg 44 --
[36m[collector][0m [32minfo[39m: -- Parsing content from pg 45 --
[36m[collector][0m [32minfo[39m: -- Parsing content from pg 46 --
[36m[collector][0m [32minfo[39m: -- Parsing content from pg 47 --
[36m[collector][0m [32minfo[39m: -- Parsing content from pg 48 --
[36m[collector][0m [32minfo[39m: -- Parsing content from pg 49 --
[36m[collector][0m [32minfo[39m: -- Parsing content from pg 50 --
[36m[collector][0m [32minfo[39m: -- Parsing content from pg 51 --
[36m[collector][0m [32minfo[39m: -- Parsing content from pg 52 --
[36m[collector][0m [32minfo[39m: -- Parsing content from pg 53 --
[36m[collector][0m [32minfo[39m: -- Parsing content from pg 54 --
[36m[collector][0m [32minfo[39m: -- Parsing content from pg 55 --
[36m[collector][0m [32minfo[39m: -- Parsing content from pg 56 --
[36m[collector][0m [32minfo[39m: -- Parsing content from pg 57 --
[36m[collector][0m [32minfo[39m: -- Parsing content from pg 58 --
[36m[collector][0m [32minfo[39m: -- Parsing content from pg 59 --
[36m[collector][0m [32minfo[39m: -- Parsing content from pg 60 --
[36m[collector][0m [32minfo[39m: -- Parsing content from pg 61 --
[36m[collector][0m [32minfo[39m: -- Parsing content from pg 62 --
[36m[collector][0m [32minfo[39m: -- Parsing content from pg 63 --
[36m[collector][0m [32minfo[39m: -- Parsing content from pg 64 --
[36m[collector][0m [32minfo[39m: -- Parsing content from pg 65 --
[36m[collector][0m [32minfo[39m: -- Parsing content from pg 66 --
[36m[collector][0m [32minfo[39m: -- Parsing content from pg 67 --
[36m[collector][0m [32minfo[39m: -- Parsing content from pg 68 --
[36m[collector][0m [32minfo[39m: -- Parsing content from pg 69 --
[36m[collector][0m [32minfo[39m: -- Parsing content from pg 70 --
[36m[collector][0m [32minfo[39m: -- Parsing content from pg 71 --
[36m[collector][0m [32minfo[39m: -- Parsing content from pg 72 --
[36m[collector][0m [32minfo[39m: -- Parsing content from pg 73 --
[36m[collector][0m [32minfo[39m: -- Parsing content from pg 74 --
[36m[collector][0m [32minfo[39m: -- Parsing content from pg 75 --
[36m[collector][0m [32minfo[39m: -- Parsing content from pg 76 --
[36m[collector][0m [32minfo[39m: -- Parsing content from pg 77 --
[36m[collector][0m [32minfo[39m: -- Parsing content from pg 78 --
[36m[collector][0m [32minfo[39m: -- Parsing content from pg 79 --
[36m[collector][0m [32minfo[39m: -- Parsing content from pg 80 --
[36m[collector][0m [32minfo[39m: -- Parsing content from pg 81 --
[36m[collector][0m [32minfo[39m: -- Parsing content from pg 82 --
[36m[collector][0m [32minfo[39m: -- Parsing content from pg 83 --
[36m[collector][0m [32minfo[39m: -- Parsing content from pg 84 --
[36m[collector][0m [32minfo[39m: -- Parsing content from pg 85 --
[36m[collector][0m [32minfo[39m: -- Parsing content from pg 86 --
[36m[collector][0m [32minfo[39m: -- Parsing content from pg 87 --
[36m[collector][0m [32minfo[39m: -- Parsing content from pg 88 --
[36m[collector][0m [32minfo[39m: -- Parsing content from pg 89 --
[36m[collector][0m [32minfo[39m: -- Parsing content from pg 90 --
[36m[collector][0m [32minfo[39m: -- Parsing content from pg 91 --
[36m[collector][0m [32minfo[39m: -- Parsing content from pg 92 --
[36m[collector][0m [32minfo[39m: -- Parsing content from pg 93 --
[36m[collector][0m [32minfo[39m: -- Parsing content from pg 94 --
[36m[collector][0m [32minfo[39m: -- Parsing content from pg 95 --
[36m[collector][0m [32minfo[39m: -- Parsing content from pg 96 --
[36m[collector][0m [32minfo[39m: -- Parsing content from pg 97 --
[36m[collector][0m [32minfo[39m: -- Parsing content from pg 98 --
[36m[collector][0m [32minfo[39m: -- Parsing content from pg 99 --
[36m[collector][0m [32minfo[39m: -- Parsing content from pg 100 --
[36m[collector][0m [32minfo[39m: -- Parsing content from pg 101 --
[36m[collector][0m [32minfo[39m: -- Parsing content from pg 102 --
[36m[collector][0m [32minfo[39m: -- Parsing content from pg 103 --
[36m[collector][0m [32minfo[39m: -- Parsing content from pg 104 --
[36m[collector][0m [32minfo[39m: -- Parsing content from pg 105 --
[36m[collector][0m [32minfo[39m: -- Parsing content from pg 106 --
[36m[collector][0m [32minfo[39m: -- Parsing content from pg 107 --
[36m[collector][0m [32minfo[39m: -- Parsing content from pg 108 --
[36m[collector][0m [32minfo[39m: -- Parsing content from pg 109 --
[36m[collector][0m [32minfo[39m: -- Parsing content from pg 110 --
[36m[collector][0m [32minfo[39m: -- Parsing content from pg 111 --
[36m[collector][0m [32minfo[39m: -- Parsing content from pg 112 --
[36m[collector][0m [32minfo[39m: -- Parsing content from pg 113 --
[36m[collector][0m [32minfo[39m: -- Parsing content from pg 114 --
[36m[collector][0m [32minfo[39m: -- Parsing content from pg 115 --
[36m[collector][0m [32minfo[39m: -- Parsing content from pg 116 --
[36m[collector][0m [32minfo[39m: -- Parsing content from pg 117 --
[36m[collector][0m [32minfo[39m: -- Parsing content from pg 118 --
[36m[collector][0m [32minfo[39m: -- Parsing content from pg 119 --
[36m[collector][0m [32minfo[39m: -- Parsing content from pg 120 --
[36m[collector][0m [32minfo[39m: -- Parsing content from pg 121 --
[36m[collector][0m [32minfo[39m: -- Parsing content from pg 122 --
[36m[collector][0m [32minfo[39m: -- Parsing content from pg 123 --
[36m[collector][0m [32minfo[39m: -- Parsing content from pg 124 --
[36m[collector][0m [32minfo[39m: -- Parsing content from pg 125 --
[36m[collector][0m [32minfo[39m: -- Parsing content from pg 126 --
[36m[collector][0m [32minfo[39m: -- Parsing content from pg 127 --
[36m[collector][0m [32minfo[39m: -- Parsing content from pg 128 --
[36m[collector][0m [32minfo[39m: -- Parsing content from pg 129 --
[36m[collector][0m [32minfo[39m: -- Parsing content from pg 130 --
[36m[collector][0m [32minfo[39m: -- Parsing content from pg 131 --
[36m[collector][0m [32minfo[39m: -- Parsing content from pg 132 --
[36m[collector][0m [32minfo[39m: -- Parsing content from pg 133 --
[36m[collector][0m [32minfo[39m: -- Parsing content from pg 134 --
[36m[collector][0m [32minfo[39m: -- Parsing content from pg 135 --
[36m[collector][0m [32minfo[39m: -- Parsing content from pg 136 --
[36m[collector][0m [32minfo[39m: -- Parsing content from pg 137 --
[36m[collector][0m [32minfo[39m: -- Parsing content from pg 138 --
[36m[collector][0m [32minfo[39m: -- Parsing content from pg 139 --
[36m[collector][0m [32minfo[39m: -- Parsing content from pg 140 --
[36m[collector][0m [32minfo[39m: -- Parsing content from pg 141 --
[36m[collector][0m [32minfo[39m: -- Parsing content from pg 142 --
[36m[collector][0m [32minfo[39m: -- Parsing content from pg 143 --
[36m[collector][0m [32minfo[39m: -- Parsing content from pg 144 --
[36m[collector][0m [32minfo[39m: -- Parsing content from pg 145 --
[36m[collector][0m [32minfo[39m: -- Parsing content from pg 146 --
[36m[collector][0m [32minfo[39m: -- Parsing content from pg 147 --
[36m[collector][0m [32minfo[39m: -- Parsing content from pg 148 --
[36m[collector][0m [32minfo[39m: -- Parsing content from pg 149 --
[36m[collector][0m [32minfo[39m: -- Parsing content from pg 150 --
[36m[collector][0m [32minfo[39m: -- Parsing content from pg 151 --
[36m[collector][0m [32minfo[39m: -- Parsing content from pg 152 --
[36m[collector][0m [32minfo[39m: -- Parsing content from pg 153 --
[36m[collector][0m [32minfo[39m: -- Parsing content from pg 154 --
[36m[collector][0m [32minfo[39m: -- Parsing content from pg 155 --
[36m[collector][0m [32minfo[39m: -- Parsing content from pg 156 --
[36m[collector][0m [32minfo[39m: -- Parsing content from pg 157 --
[36m[collector][0m [32minfo[39m: -- Parsing content from pg 158 --
[36m[collector][0m [32minfo[39m: -- Parsing content from pg 159 --
[36m[collector][0m [32minfo[39m: -- Parsing content from pg 160 --
[36m[collector][0m [32minfo[39m: -- Parsing content from pg 161 --
[36m[collector][0m [32minfo[39m: -- Parsing content from pg 162 --
[36m[collector][0m [32minfo[39m: -- Parsing content from pg 163 --
[36m[collector][0m [32minfo[39m: -- Parsing content from pg 164 --
[36m[collector][0m [32minfo[39m: -- Parsing content from pg 165 --
[36m[collector][0m [32minfo[39m: -- Parsing content from pg 166 --
[36m[collector][0m [32minfo[39m: -- Parsing content from pg 167 --
[36m[collector][0m [32minfo[39m: -- Parsing content from pg 168 --
[36m[collector][0m [32minfo[39m: -- Parsing content from pg 169 --
[36m[collector][0m [32minfo[39m: -- Parsing content from pg 170 --
[36m[collector][0m [32minfo[39m: -- Parsing content from pg 171 --
[36m[collector][0m [32minfo[39m: -- Parsing content from pg 172 --
[36m[collector][0m [32minfo[39m: -- Parsing content from pg 173 --
[36m[collector][0m [32minfo[39m: -- Parsing content from pg 174 --
[36m[collector][0m [32minfo[39m: -- Parsing content from pg 175 --
[36m[collector][0m [32minfo[39m: -- Parsing content from pg 176 --
[36m[collector][0m [32minfo[39m: -- Parsing content from pg 177 --
[36m[collector][0m [32minfo[39m: -- Parsing content from pg 178 --
[36m[collector][0m [32minfo[39m: -- Parsing content from pg 179 --
[36m[collector][0m [32minfo[39m: -- Parsing content from pg 180 --
[36m[collector][0m [32minfo[39m: -- Parsing content from pg 181 --
[36m[collector][0m [32minfo[39m: -- Parsing content from pg 182 --
[36m[collector][0m [32minfo[39m: -- Parsing content from pg 183 --
[36m[collector][0m [32minfo[39m: -- Parsing content from pg 184 --
[36m[collector][0m [32minfo[39m: -- Parsing content from pg 185 --
[36m[collector][0m [32minfo[39m: -- Parsing content from pg 186 --
[36m[collector][0m [32minfo[39m: -- Parsing content from pg 187 --
[36m[collector][0m [32minfo[39m: -- Parsing content from pg 188 --
[36m[collector][0m [32minfo[39m: -- Parsing content from pg 189 --
[36m[collector][0m [32minfo[39m: -- Parsing content from pg 190 --
[36m[collector][0m [32minfo[39m: -- Parsing content from pg 191 --
[36m[collector][0m [32minfo[39m: -- Parsing content from pg 192 --
[36m[collector][0m [32minfo[39m: -- Parsing content from pg 193 --
[36m[collector][0m [32minfo[39m: -- Parsing content from pg 194 --
[36m[collector][0m [32minfo[39m: -- Parsing content from pg 195 --
[36m[collector][0m [32minfo[39m: -- Parsing content from pg 196 --
[36m[collector][0m [32minfo[39m: -- Parsing content from pg 197 --
[36m[collector][0m [32minfo[39m: -- Parsing content from pg 198 --
[36m[collector][0m [32minfo[39m: -- Parsing content from pg 199 --
[36m[collector][0m [32minfo[39m: -- Parsing content from pg 200 --
[36m[collector][0m [32minfo[39m: -- Parsing content from pg 201 --
[36m[collector][0m [32minfo[39m: -- Parsing content from pg 202 --
[36m[collector][0m [32minfo[39m: -- Parsing content from pg 203 --
[36m[collector][0m [32minfo[39m: -- Parsing content from pg 204 --
[36m[collector][0m [32minfo[39m: -- Parsing content from pg 205 --
[36m[collector][0m [32minfo[39m: -- Parsing content from pg 206 --
[36m[collector][0m [32minfo[39m: -- Parsing content from pg 207 --
[36m[collector][0m [32minfo[39m: -- Parsing content from pg 208 --
[36m[collector][0m [32minfo[39m: -- Parsing content from pg 209 --
[36m[collector][0m [32minfo[39m: -- Parsing content from pg 210 --
[36m[collector][0m [32minfo[39m: -- Parsing content from pg 211 --
[36m[collector][0m [32minfo[39m: -- Parsing content from pg 212 --
[36m[collector][0m [32minfo[39m: -- Parsing content from pg 213 --
[36m[collector][0m [32minfo[39m: -- Parsing content from pg 214 --
[36m[collector][0m [32minfo[39m: -- Parsing content from pg 215 --
[36m[collector][0m [32minfo[39m: -- Parsing content from pg 216 --
[36m[collector][0m [32minfo[39m: -- Parsing content from pg 217 --
[36m[collector][0m [32minfo[39m: -- Parsing content from pg 218 --
[36m[collector][0m [32minfo[39m: -- Parsing content from pg 219 --
[36m[collector][0m [32minfo[39m: -- Parsing content from pg 220 --
[36m[collector][0m [32minfo[39m: -- Parsing content from pg 221 --
[36m[collector][0m [32minfo[39m: -- Parsing content from pg 222 --
[36m[collector][0m [32minfo[39m: -- Parsing content from pg 223 --
[36m[collector][0m [32minfo[39m: -- Parsing content from pg 224 --
[36m[collector][0m [32minfo[39m: -- Parsing content from pg 225 --
[36m[collector][0m [32minfo[39m: -- Parsing content from pg 226 --
[36m[collector][0m [32minfo[39m: -- Parsing content from pg 227 --
[36m[collector][0m [32minfo[39m: -- Parsing content from pg 228 --
[36m[collector][0m [32minfo[39m: -- Parsing content from pg 229 --
[36m[collector][0m [32minfo[39m: -- Parsing content from pg 230 --
[36m[collector][0m [32minfo[39m: -- Parsing content from pg 231 --
[36m[collector][0m [32minfo[39m: -- Parsing content from pg 232 --
[36m[collector][0m [32minfo[39m: -- Parsing content from pg 233 --
[36m[collector][0m [32minfo[39m: -- Parsing content from pg 234 --
[36m[collector][0m [32minfo[39m: -- Parsing content from pg 235 --
[36m[collector][0m [32minfo[39m: -- Parsing content from pg 236 --
[36m[collector][0m [32minfo[39m: -- Parsing content from pg 237 --
[36m[collector][0m [32minfo[39m: -- Parsing content from pg 238 --
[36m[collector][0m [32minfo[39m: -- Parsing content from pg 239 --
[36m[collector][0m [32minfo[39m: -- Parsing content from pg 240 --
[36m[collector][0m [32minfo[39m: -- Parsing content from pg 241 --
[36m[collector][0m [32minfo[39m: -- Parsing content from pg 242 --
[36m[collector][0m [32minfo[39m: -- Parsing content from pg 243 --
[36m[collector][0m [32minfo[39m: -- Parsing content from pg 244 --
[36m[collector][0m [32minfo[39m: -- Parsing content from pg 245 --
[36m[collector][0m [32minfo[39m: -- Parsing content from pg 246 --
[36m[collector][0m [32minfo[39m: -- Parsing content from pg 247 --
[36m[collector][0m [32minfo[39m: -- Parsing content from pg 248 --
[36m[collector][0m [32minfo[39m: -- Parsing content from pg 249 --
[36m[collector][0m [32minfo[39m: -- Parsing content from pg 250 --
[36m[collector][0m [32minfo[39m: -- Parsing content from pg 251 --
[36m[collector][0m [32minfo[39m: -- Parsing content from pg 252 --
[36m[collector][0m [32minfo[39m: -- Parsing content from pg 253 --
[36m[collector][0m [32minfo[39m: -- Parsing content from pg 254 --
[36m[collector][0m [32minfo[39m: -- Parsing content from pg 255 --
[36m[collector][0m [32minfo[39m: -- Parsing content from pg 256 --
[36m[collector][0m [32minfo[39m: -- Parsing content from pg 257 --
[36m[collector][0m [32minfo[39m: -- Parsing content from pg 258 --
[36m[collector][0m [32minfo[39m: -- Parsing content from pg 259 --
[36m[collector][0m [32minfo[39m: -- Parsing content from pg 260 --
[36m[collector][0m [32minfo[39m: -- Parsing content from pg 261 --
[36m[collector][0m [32minfo[39m: -- Parsing content from pg 262 --
[36m[collector][0m [32minfo[39m: -- Parsing content from pg 263 --
[36m[collector][0m [32minfo[39m: -- Parsing content from pg 264 --
[36m[collector][0m [32minfo[39m: -- Parsing content from pg 265 --
[36m[collector][0m [32minfo[39m: -- Parsing content from pg 266 --
[36m[collector][0m [32minfo[39m: -- Parsing content from pg 267 --
[36m[collector][0m [32minfo[39m: -- Parsing content from pg 268 --
[36m[collector][0m [32minfo[39m: -- Parsing content from pg 269 --
[36m[collector][0m [32minfo[39m: -- Parsing content from pg 270 --
[36m[collector][0m [32minfo[39m: -- Parsing content from pg 271 --
[36m[collector][0m [32minfo[39m: -- Parsing content from pg 272 --
[36m[collector][0m [32minfo[39m: -- Parsing content from pg 273 --
[36m[collector][0m [32minfo[39m: -- Parsing content from pg 274 --
[36m[collector][0m [32minfo[39m: -- Parsing content from pg 275 --
[36m[collector][0m [32minfo[39m: -- Parsing content from pg 276 --
[36m[collector][0m [32minfo[39m: -- Parsing content from pg 277 --
[36m[collector][0m [32minfo[39m: -- Parsing content from pg 278 --
[36m[collector][0m [32minfo[39m: -- Parsing content from pg 279 --
[36m[collector][0m [32minfo[39m: -- Parsing content from pg 280 --
[36m[collector][0m [32minfo[39m: -- Parsing content from pg 281 --
[36m[collector][0m [32minfo[39m: -- Parsing content from pg 282 --
[36m[collector][0m [32minfo[39m: -- Parsing content from pg 283 --
[36m[collector][0m [32minfo[39m: -- Parsing content from pg 284 --
[36m[collector][0m [32minfo[39m: -- Parsing content from pg 285 --
[36m[collector][0m [32minfo[39m: -- Parsing content from pg 286 --
[36m[collector][0m [32minfo[39m: -- Parsing content from pg 287 --
[36m[collector][0m [32minfo[39m: -- Parsing content from pg 288 --
[36m[collector][0m [32minfo[39m: -- Parsing content from pg 289 --
[36m[collector][0m [32minfo[39m: -- Parsing content from pg 290 --
[36m[collector][0m [32minfo[39m: -- Parsing content from pg 291 --
[36m[collector][0m [32minfo[39m: -- Parsing content from pg 292 --
[36m[collector][0m [32minfo[39m: -- Parsing content from pg 293 --
[36m[collector][0m [32minfo[39m: -- Parsing content from pg 294 --
[36m[collector][0m [32minfo[39m: -- Parsing content from pg 295 --
[36m[collector][0m [32minfo[39m: -- Parsing content from pg 296 --
[36m[collector][0m [32minfo[39m: -- Parsing content from pg 297 --
[36m[collector][0m [32minfo[39m: -- Parsing content from pg 298 --
[36m[collector][0m [32minfo[39m: -- Parsing content from pg 299 --
[36m[collector][0m [32minfo[39m: -- Parsing content from pg 300 --
[36m[collector][0m [32minfo[39m: -- Parsing content from pg 301 --
[36m[collector][0m [32minfo[39m: -- Parsing content from pg 302 --
[36m[collector][0m [32minfo[39m: -- Parsing content from pg 303 --
[36m[collector][0m [32minfo[39m: -- Parsing content from pg 304 --
[36m[collector][0m [32minfo[39m: -- Parsing content from pg 305 --
[36m[collector][0m [32minfo[39m: -- Parsing content from pg 306 --
[36m[collector][0m [32minfo[39m: -- Parsing content from pg 307 --
[36m[collector][0m [32minfo[39m: -- Parsing content from pg 308 --
[36m[collector][0m [32minfo[39m: -- Parsing content from pg 309 --
[36m[collector][0m [32minfo[39m: -- Parsing content from pg 310 --
[36m[collector][0m [32minfo[39m: -- Parsing content from pg 311 --
[36m[collector][0m [32minfo[39m: -- Parsing content from pg 312 --
[36m[collector][0m [32minfo[39m: -- Parsing content from pg 313 --
[36m[collector][0m [32minfo[39m: -- Parsing content from pg 314 --
[36m[collector][0m [32minfo[39m: -- Parsing content from pg 315 --
[36m[collector][0m [32minfo[39m: -- Parsing content from pg 316 --
[36m[collector][0m [32minfo[39m: -- Parsing content from pg 317 --
[36m[collector][0m [32minfo[39m: -- Parsing content from pg 318 --
[36m[collector][0m [32minfo[39m: -- Parsing content from pg 319 --
[36m[collector][0m [32minfo[39m: -- Parsing content from pg 320 --
[36m[collector][0m [32minfo[39m: -- Parsing content from pg 321 --
[36m[collector][0m [32minfo[39m: -- Parsing content from pg 322 --
[36m[collector][0m [32minfo[39m: [SUCCESS]: Error_messages_EMQ_Synchro_EMT_Synchro_and_EMA_II__2_.pdf converted & ready for embedding.

[36m[collector][0m [32minfo[39m: -- Working Raw Text doc =46_136_admin.txt --
[36m[collector][0m [32minfo[39m: [SUCCESS]: Raw text and metadata saved & ready for embedding.

[36m[collector][0m [32minfo[39m: -- Working Raw Text doc =46_136_admin.txt --
[36m[collector][0m [32minfo[39m: [SUCCESS]: Raw text and metadata saved & ready for embedding.

[36m[collector][0m [32minfo[39m: -- Working Raw Text doc =72_137_admin.txt --
[36m[collector][0m [32minfo[39m: [SUCCESS]: Raw text and metadata saved & ready for embedding.

[36m[collector][0m [32minfo[39m: -- Working Raw Text doc =46_140_admin.txt --
[36m[collector][0m [32minfo[39m: [SUCCESS]: Raw text and metadata saved & ready for embedding.

[36m[collector][0m [32minfo[39m: -- Working Raw Text doc =46_141_admin.txt --
[36m[collector][0m [32minfo[39m: [SUCCESS]: Raw text and metadata saved & ready for embedding.

[36m[collector][0m [32minfo[39m: -- Working Raw Text doc =46_142_admin.txt --
[36m[collector][0m [32minfo[39m: [SUCCESS]: Raw text and metadata saved & ready for embedding.

[36m[collector][0m [32minfo[39m: -- Working Raw Text doc =46_142_admin.txt --
[36m[collector][0m [32minfo[39m: [SUCCESS]: Raw text and metadata saved & ready for embedding.

[36m[collector][0m [32minfo[39m: -- Working Raw Text doc =46_143_admin.txt --
[36m[collector][0m [32minfo[39m: [SUCCESS]: Raw text and metadata saved & ready for embedding.

[36m[collector][0m [32minfo[39m: -- Working Raw Text doc =46_143_admin.txt --
[36m[collector][0m [32minfo[39m: [SUCCESS]: Raw text and metadata saved & ready for embedding.

[36m[collector][0m [32minfo[39m: -- Working Raw Text doc =46_143_admin.txt --
[36m[collector][0m [32minfo[39m: [SUCCESS]: Raw text and metadata saved & ready for embedding.

[36m[collector][0m [32minfo[39m: -- Working Raw Text doc =46_143_admin.txt --
[36m[collector][0m [32minfo[39m: [SUCCESS]: Raw text and metadata saved & ready for embedding.

[36m[collector][0m [32minfo[39m: -- Working Raw Text doc =46_143_admin.txt --
[36m[collector][0m [32minfo[39m: [SUCCESS]: Raw text and metadata saved & ready for embedding.

[36m[collector][0m [32minfo[39m: -- Working Raw Text doc =46_143_admin.txt --
[36m[collector][0m [32minfo[39m: [SUCCESS]: Raw text and metadata saved & ready for embedding.

[36m[collector][0m [32minfo[39m: -- Working Raw Text doc =46_143_admin.txt --
[36m[collector][0m [32minfo[39m: [SUCCESS]: Raw text and metadata saved & ready for embedding.

[36m[collector][0m [32minfo[39m: -- Working Raw Text doc =46_143_admin.txt --
[36m[collector][0m [32minfo[39m: [SUCCESS]: Raw text and metadata saved & ready for embedding.

[36m[collector][0m [32minfo[39m: -- Working Raw Text doc =46_143_admin.txt --
[36m[collector][0m [32minfo[39m: [SUCCESS]: Raw text and metadata saved & ready for embedding.

[36m[collector][0m [32minfo[39m: -- Working Raw Text doc =46_143_admin.txt --
[36m[collector][0m [32minfo[39m: [SUCCESS]: Raw text and metadata saved & ready for embedding.

[36m[collector][0m [32minfo[39m: -- Working Raw Text doc =46_143_admin.txt --
[36m[collector][0m [32minfo[39m: [SUCCESS]: Raw text and metadata saved & ready for embedding.

[36m[collector][0m [32minfo[39m: -- Working Raw Text doc =46_143_admin.txt --
[36m[collector][0m [32minfo[39m: [SUCCESS]: Raw text and metadata saved & ready for embedding.

[36m[collector][0m [32minfo[39m: -- Working Raw Text doc =46_143_admin.txt --
[36m[collector][0m [32minfo[39m: [SUCCESS]: Raw text and metadata saved & ready for embedding.

[36m[collector][0m [32minfo[39m: -- Working Raw Text doc =46_143_admin.txt --
[36m[collector][0m [32minfo[39m: [SUCCESS]: Raw text and metadata saved & ready for embedding.

[36m[collector][0m [32minfo[39m: -- Working Raw Text doc =46_143_admin.txt --
[36m[collector][0m [32minfo[39m: [SUCCESS]: Raw text and metadata saved & ready for embedding.

[36m[collector][0m [32minfo[39m: -- Working Raw Text doc =46_143_admin.txt --
[36m[collector][0m [32minfo[39m: [SUCCESS]: Raw text and metadata saved & ready for embedding.

[36m[collector][0m [32minfo[39m: -- Working Raw Text doc =46_143_admin.txt --
[36m[collector][0m [32minfo[39m: [SUCCESS]: Raw text and metadata saved & ready for embedding.

[36m[collector][0m [32minfo[39m: -- Working Raw Text doc =46_142_admin.txt --
[36m[collector][0m [32minfo[39m: [SUCCESS]: Raw text and metadata saved & ready for embedding.

[36m[collector][0m [32minfo[39m: -- Working Raw Text doc =46_141_admin.txt --
[36m[collector][0m [32minfo[39m: [SUCCESS]: Raw text and metadata saved & ready for embedding.

[36m[collector][0m [32minfo[39m: -- Working Raw Text doc =46_141_admin.txt --
[36m[collector][0m [32minfo[39m: [SUCCESS]: Raw text and metadata saved & ready for embedding.

[36m[collector][0m [32minfo[39m: -- Working Raw Text doc =46_140_admin.txt --
[36m[collector][0m [32minfo[39m: [SUCCESS]: Raw text and metadata saved & ready for embedding.

[36m[collector][0m [32minfo[39m: -- Working Raw Text doc =46_143_admin.txt --
[36m[collector][0m [32minfo[39m: [SUCCESS]: Raw text and metadata saved & ready for embedding.

[36m[collector][0m [32minfo[39m: -- Working Raw Text doc =46_142_admin.txt --
[36m[collector][0m [32minfo[39m: [SUCCESS]: Raw text and metadata saved & ready for embedding.

[36m[collector][0m [32minfo[39m: -- Working Raw Text doc test (1) --
[36m[collector][0m [32minfo[39m: [SUCCESS]: Raw text and metadata saved & ready for embedding.

[36m[collector][0m [32minfo[39m: -- Working Raw Text doc test (1) --
[36m[collector][0m [32minfo[39m: [SUCCESS]: Raw text and metadata saved & ready for embedding.

[36m[collector][0m [32minfo[39m: -- Working Raw Text doc test (1) --
[36m[collector][0m [32minfo[39m: [SUCCESS]: Raw text and metadata saved & ready for embedding.

[36m[collector][0m [32minfo[39m: -- Working Raw Text doc test (1) --
[36m[collector][0m [32minfo[39m: [SUCCESS]: Raw text and metadata saved & ready for embedding.

[36m[collector][0m [32minfo[39m: -- Working Raw Text doc test (1) --
[36m[collector][0m [32minfo[39m: [SUCCESS]: Raw text and metadata saved & ready for embedding.

[36m[collector][0m [32minfo[39m: -- Working Raw Text doc beltconveyor_operating --
[36m[collector][0m [32minfo[39m: [SUCCESS]: Raw text and metadata saved & ready for embedding.

[36m[collector][0m [32minfo[39m: -- Working Raw Text doc conveyor_control --
[36m[collector][0m [32minfo[39m: [SUCCESS]: Raw text and metadata saved & ready for embedding.

[36m[collector][0m [32minfo[39m: -- Working Raw Text doc conveyor_control_final --
[36m[collector][0m [32minfo[39m: [SUCCESS]: Raw text and metadata saved & ready for embedding.

[36m[collector][0m [32minfo[39m: -- Working Raw Text doc conveyorcontrol_wiring --
[36m[collector][0m [32minfo[39m: [SUCCESS]: Raw text and metadata saved & ready for embedding.

[36m[collector][0m [32minfo[39m: -- Working Raw Text doc conveyorcontrol_wiring --
[36m[collector][0m [32minfo[39m: [SUCCESS]: Raw text and metadata saved & ready for embedding.

[36m[collector][0m [32minfo[39m: -- Working conveyorcontrol_wiring_final.txt --
[36m[collector][0m [32minfo[39m: [SUCCESS]: conveyorcontrol_wiring_final.txt converted & ready for embedding.

[36m[collector][0m [32minfo[39m: -- Working conveyorcontrol_wiring_final.txt --
[36m[collector][0m [32minfo[39m: [SUCCESS]: conveyorcontrol_wiring_final.txt converted & ready for embedding.

[36m[collector][0m [32minfo[39m: -- Working Raw Text doc conveyorcontrol_wiring --
[36m[collector][0m [32minfo[39m: [SUCCESS]: Raw text and metadata saved & ready for embedding.

[36m[collector][0m [32minfo[39m: -- Working Raw Text doc conveyorcontrol_wiring --
[36m[collector][0m [32minfo[39m: [SUCCESS]: Raw text and metadata saved & ready for embedding.

[36m[collector][0m [32minfo[39m: -- Working Raw Text doc Storage transfer conveyor manual (extender) --
[36m[collector][0m [32minfo[39m: [SUCCESS]: Raw text and metadata saved & ready for embedding.

[36m[collector][0m [32minfo[39m: -- Working Raw Text doc Storagetransfer_spare --
[36m[collector][0m [32minfo[39m: [SUCCESS]: Raw text and metadata saved & ready for embedding.

[36m[collector][0m [32minfo[39m: -- Working Raw Text doc Storagetransfer_spare --
[36m[collector][0m [32minfo[39m: [SUCCESS]: Raw text and metadata saved & ready for embedding.

[36m[collector][0m [32minfo[39m: -- Working Raw Text doc CombinarionfoldingMachine-1_2_3 --
[36m[collector][0m [32minfo[39m: [SUCCESS]: Raw text and metadata saved & ready for embedding.

[36m[collector][0m [32minfo[39m: -- Working Raw Text doc Folder1_2_3-wiring --
[36m[collector][0m [32minfo[39m: [SUCCESS]: Raw text and metadata saved & ready for embedding.

[36m[collector][0m [32minfo[39m: -- Working Raw Text doc Folder1_2_3-wiring --
[36m[collector][0m [32minfo[39m: [SUCCESS]: Raw text and metadata saved & ready for embedding.

[36m[collector][0m [32minfo[39m: -- Working Raw Text doc X6_Operating --
[36m[collector][0m [32minfo[39m: [SUCCESS]: Raw text and metadata saved & ready for embedding.

[36m[collector][0m [32minfo[39m: -- Working Raw Text doc CSP_instruction --
[36m[collector][0m [32minfo[39m: [SUCCESS]: Raw text and metadata saved & ready for embedding.

[36m[collector][0m [32minfo[39m: -- Working Raw Text doc CSP-Operating --
[36m[collector][0m [32minfo[39m: [SUCCESS]: Raw text and metadata saved & ready for embedding.

[36m[collector][0m [32minfo[39m: -- Working Raw Text doc dryerPowerDry --
[36m[collector][0m [32minfo[39m: [SUCCESS]: Raw text and metadata saved & ready for embedding.

[36m[collector][0m [32minfo[39m: -- Working Raw Text doc DryerWiring --
[36m[collector][0m [32minfo[39m: [SUCCESS]: Raw text and metadata saved & ready for embedding.

[36m[collector][0m [32minfo[39m: -- Working Raw Text doc Error_messages_EMQ_Synchro_EMT_Synchro_and_EMA_II__2_ - Copy --
[36m[collector][0m [32minfo[39m: [SUCCESS]: Raw text and metadata saved & ready for embedding.

[36m[collector][0m [32minfo[39m: -- Working Raw Text doc feeder_3_operating --
[36m[collector][0m [32minfo[39m: [SUCCESS]: Raw text and metadata saved & ready for embedding.

[36m[collector][0m [32minfo[39m: -- Working Raw Text doc Feeding-4-operating --
[36m[collector][0m [32minfo[39m: [SUCCESS]: Raw text and metadata saved & ready for embedding.

[36m[collector][0m [32minfo[39m: -- Working Raw Text doc fedding machine wiring (iron 1-2) --
[36m[collector][0m [32minfo[39m: [SUCCESS]: Raw text and metadata saved & ready for embedding.

[36m[collector][0m [32minfo[39m: -- Working Raw Text doc fedding machine wiring (iron 1-2) --
[36m[collector][0m [32minfo[39m: [SUCCESS]: Raw text and metadata saved & ready for embedding.

[36m[collector][0m [32minfo[39m: -- Working Raw Text doc My Document Title --
[36m[collector][0m [32minfo[39m: [SUCCESS]: Raw text and metadata saved & ready for embedding.

[36m[collector][0m [32minfo[39m: -- Working Raw Text doc Test Workspace-sampleUser-2025-03-19T21:30:00Z --
[36m[collector][0m [32minfo[39m: [SUCCESS]: Raw text and metadata saved & ready for embedding.

[36m[collector][0m [32minfo[39m: -- Working Raw Text doc Test Workspace-sampleUser-2025-03-19T21:30:00Z --
[36m[collector][0m [32minfo[39m: [SUCCESS]: Raw text and metadata saved & ready for embedding.

[36m[collector][0m [32minfo[39m: -- Working Raw Text doc Testing-admin-2025-03-20T00:54:49.634Z --
[36m[collector][0m [32minfo[39m: [SUCCESS]: Raw text and metadata saved & ready for embedding.

[36m[collector][0m [32minfo[39m: -- Working Raw Text doc Feeder1_2-Operatingmanual_final --
[36m[collector][0m [32minfo[39m: [SUCCESS]: Raw text and metadata saved & ready for embedding.

[36m[collector][0m [32minfo[39m: -- Working Raw Text doc General information --
[36m[collector][0m [32minfo[39m: [SUCCESS]: Raw text and metadata saved & ready for embedding.

[36m[collector][0m [32minfo[39m: -- Working Raw Text doc Intended use --
[36m[collector][0m [32minfo[39m: [SUCCESS]: Raw text and metadata saved & ready for embedding.

[36m[collector][0m [32minfo[39m: -- Working Raw Text doc Safety --
[36m[collector][0m [32minfo[39m: [SUCCESS]: Raw text and metadata saved & ready for embedding.

[36m[collector][0m [32minfo[39m: -- Working Raw Text doc Machine description --
[36m[collector][0m [32minfo[39m: [SUCCESS]: Raw text and metadata saved & ready for embedding.

[36m[collector][0m [32minfo[39m: -- Working Raw Text doc Transport and stability --
[36m[collector][0m [32minfo[39m: [SUCCESS]: Raw text and metadata saved & ready for embedding.

[36m[collector][0m [32minfo[39m: -- Working Raw Text doc Assembly --
[36m[collector][0m [32minfo[39m: [SUCCESS]: Raw text and metadata saved & ready for embedding.

[36m[collector][0m [32minfo[39m: -- Working Raw Text doc Workplaces --
[36m[collector][0m [32minfo[39m: [SUCCESS]: Raw text and metadata saved & ready for embedding.

[36m[collector][0m [32minfo[39m: -- Working Raw Text doc Operation --
[36m[collector][0m [32minfo[39m: [SUCCESS]: Raw text and metadata saved & ready for embedding.

[36m[collector][0m [32minfo[39m: -- Working Raw Text doc Control system --
[36m[collector][0m [32minfo[39m: [SUCCESS]: Raw text and metadata saved & ready for embedding.

[36m[collector][0m [32minfo[39m: -- Working Raw Text doc Malfunctions --
[36m[collector][0m [32minfo[39m: [SUCCESS]: Raw text and metadata saved & ready for embedding.

[36m[collector][0m [32minfo[39m: -- Working Raw Text doc Maintenance and service --
[36m[collector][0m [32minfo[39m: [SUCCESS]: Raw text and metadata saved & ready for embedding.

[36m[collector][0m [32minfo[39m: -- Working Raw Text doc Wear parts and spare parts --
[36m[collector][0m [32minfo[39m: [SUCCESS]: Raw text and metadata saved & ready for embedding.

[36m[collector][0m [32minfo[39m: -- Working Raw Text doc Dismantling and disposal --
[36m[collector][0m [32minfo[39m: [SUCCESS]: Raw text and metadata saved & ready for embedding.

[36m[collector][0m [32minfo[39m: -- Working Raw Text doc General information --
[36m[collector][0m [32minfo[39m: [SUCCESS]: Raw text and metadata saved & ready for embedding.

[36m[collector][0m [32minfo[39m: -- Working Raw Text doc Intended use --
[36m[collector][0m [32minfo[39m: [SUCCESS]: Raw text and metadata saved & ready for embedding.

[36m[collector][0m [32minfo[39m: -- Working Raw Text doc Safety --
[36m[collector][0m [32minfo[39m: [SUCCESS]: Raw text and metadata saved & ready for embedding.

[36m[collector][0m [32minfo[39m: -- Working Raw Text doc Machine description --
[36m[collector][0m [32minfo[39m: [SUCCESS]: Raw text and metadata saved & ready for embedding.

[36m[collector][0m [32minfo[39m: -- Working Raw Text doc Transport and stability --
[36m[collector][0m [32minfo[39m: [SUCCESS]: Raw text and metadata saved & ready for embedding.

[36m[collector][0m [32minfo[39m: -- Working Raw Text doc Assembly --
[36m[collector][0m [32minfo[39m: [SUCCESS]: Raw text and metadata saved & ready for embedding.

[36m[collector][0m [32minfo[39m: -- Working Raw Text doc Workplaces --
[36m[collector][0m [32minfo[39m: [SUCCESS]: Raw text and metadata saved & ready for embedding.

[36m[collector][0m [32minfo[39m: -- Working Raw Text doc Operation --
[36m[collector][0m [32minfo[39m: [SUCCESS]: Raw text and metadata saved & ready for embedding.

[36m[collector][0m [32minfo[39m: -- Working Raw Text doc Control system --
[36m[collector][0m [32minfo[39m: [SUCCESS]: Raw text and metadata saved & ready for embedding.

[36m[collector][0m [32minfo[39m: -- Working Raw Text doc Malfunctions --
[36m[collector][0m [32minfo[39m: [SUCCESS]: Raw text and metadata saved & ready for embedding.

[36m[collector][0m [32minfo[39m: -- Working Raw Text doc Maintenance and service --
[36m[collector][0m [32minfo[39m: [SUCCESS]: Raw text and metadata saved & ready for embedding.

[36m[collector][0m [32minfo[39m: -- Working Raw Text doc Wear parts and spare parts --
[36m[collector][0m [32minfo[39m: [SUCCESS]: Raw text and metadata saved & ready for embedding.

[36m[collector][0m [32minfo[39m: -- Working Raw Text doc Dismantling and disposal --
[36m[collector][0m [32minfo[39m: [SUCCESS]: Raw text and metadata saved & ready for embedding.

[36m[collector][0m [32minfo[39m: -- Working Raw Text doc General information --
[36m[collector][0m [32minfo[39m: [SUCCESS]: Raw text and metadata saved & ready for embedding.

[36m[collector][0m [32minfo[39m: -- Working Raw Text doc Intended use --
[36m[collector][0m [32minfo[39m: [SUCCESS]: Raw text and metadata saved & ready for embedding.

[36m[collector][0m [32minfo[39m: -- Working Raw Text doc Safety --
[36m[collector][0m [32minfo[39m: [SUCCESS]: Raw text and metadata saved & ready for embedding.

[36m[collector][0m [32minfo[39m: -- Working Raw Text doc Machine description --
[36m[collector][0m [32minfo[39m: [SUCCESS]: Raw text and metadata saved & ready for embedding.

[36m[collector][0m [32minfo[39m: -- Working Raw Text doc Transport and stability --
[36m[collector][0m [32minfo[39m: [SUCCESS]: Raw text and metadata saved & ready for embedding.

[36m[collector][0m [32minfo[39m: -- Working Raw Text doc Assembly --
[36m[collector][0m [32minfo[39m: [SUCCESS]: Raw text and metadata saved & ready for embedding.

[36m[collector][0m [32minfo[39m: -- Working Raw Text doc Workplaces --
[36m[collector][0m [32minfo[39m: [SUCCESS]: Raw text and metadata saved & ready for embedding.

[36m[collector][0m [32minfo[39m: -- Working Raw Text doc Operation --
[36m[collector][0m [32minfo[39m: [SUCCESS]: Raw text and metadata saved & ready for embedding.

[36m[collector][0m [32minfo[39m: -- Working Raw Text doc Control system --
[36m[collector][0m [32minfo[39m: [SUCCESS]: Raw text and metadata saved & ready for embedding.

[36m[collector][0m [32minfo[39m: -- Working Raw Text doc Malfunctions --
[36m[collector][0m [32minfo[39m: [SUCCESS]: Raw text and metadata saved & ready for embedding.

[36m[collector][0m [32minfo[39m: -- Working Raw Text doc Incorrect use --
[36m[collector][0m [32minfo[39m: [SUCCESS]: Raw text and metadata saved & ready for embedding.

[36m[collector][0m [32minfo[39m: -- Working Raw Text doc Maintenance and service --
[36m[collector][0m [32minfo[39m: [SUCCESS]: Raw text and metadata saved & ready for embedding.

[36m[collector][0m [32minfo[39m: -- Working Raw Text doc Wear parts, spare parts --
[36m[collector][0m [32minfo[39m: [SUCCESS]: Raw text and metadata saved & ready for embedding.

[36m[collector][0m [32minfo[39m: -- Working Raw Text doc Dismantling, disposal --
[36m[collector][0m [32minfo[39m: [SUCCESS]: Raw text and metadata saved & ready for embedding.

[36m[collector][0m [32minfo[39m: -- Working Raw Text doc Technical supplement --
[36m[collector][0m [32minfo[39m: [SUCCESS]: Raw text and metadata saved & ready for embedding.

[36m[collector][0m [32minfo[39m: -- Working Raw Text doc Foreword / Description explanations --
[36m[collector][0m [32minfo[39m: [SUCCESS]: Raw text and metadata saved & ready for embedding.

[36m[collector][0m [32minfo[39m: -- Working Raw Text doc Owner/user obligations --
[36m[collector][0m [32minfo[39m: [SUCCESS]: Raw text and metadata saved & ready for embedding.

[36m[collector][0m [32minfo[39m: -- Working Raw Text doc Description explanations --
[36m[collector][0m [32minfo[39m: [SUCCESS]: Raw text and metadata saved & ready for embedding.

[36m[collector][0m [32minfo[39m: -- Working Raw Text doc Safety --
[36m[collector][0m [32minfo[39m: [SUCCESS]: Raw text and metadata saved & ready for embedding.

[36m[collector][0m [32minfo[39m: -- Working Raw Text doc Table of Contents --
[36m[collector][0m [32minfo[39m: [SUCCESS]: Raw text and metadata saved & ready for embedding.

[36m[collector][0m [32minfo[39m: -- Working Raw Text doc Area of application --
[36m[collector][0m [32minfo[39m: [SUCCESS]: Raw text and metadata saved & ready for embedding.

[36m[collector][0m [32minfo[39m: -- Working Raw Text doc Safety instructions contained in this manual --
[36m[collector][0m [32minfo[39m: [SUCCESS]: Raw text and metadata saved & ready for embedding.

[36m[collector][0m [32minfo[39m: -- Working Raw Text doc Safety instructions – General --
[36m[collector][0m [32minfo[39m: [SUCCESS]: Raw text and metadata saved & ready for embedding.

[36m[collector][0m [32minfo[39m: -- Working Raw Text doc Safety instructions – Transport and storage --
[36m[collector][0m [32minfo[39m: [SUCCESS]: Raw text and metadata saved & ready for embedding.

[36m[collector][0m [32minfo[39m: -- Working Raw Text doc Safety instructions – Operation --
[36m[collector][0m [32minfo[39m: [SUCCESS]: Raw text and metadata saved & ready for embedding.

[36m[collector][0m [32minfo[39m: -- Working Raw Text doc Safety information – Maintenance, repair --
[36m[collector][0m [32minfo[39m: [SUCCESS]: Raw text and metadata saved & ready for embedding.

[36m[collector][0m [32minfo[39m: -- Working Raw Text doc Safety instructions – Assembly, Repair --
[36m[collector][0m [32minfo[39m: [SUCCESS]: Raw text and metadata saved & ready for embedding.

[36m[collector][0m [32minfo[39m: -- Working Raw Text doc Intended use --
[36m[collector][0m [32minfo[39m: [SUCCESS]: Raw text and metadata saved & ready for embedding.

[36m[collector][0m [32minfo[39m: -- Working Raw Text doc Health and safety at work – Machine specific --
[36m[collector][0m [32minfo[39m: [SUCCESS]: Raw text and metadata saved & ready for embedding.

[36m[collector][0m [32minfo[39m: -- Working Raw Text doc Form for instruction of the operating person on the machine --
[36m[collector][0m [32minfo[39m: [SUCCESS]: Raw text and metadata saved & ready for embedding.

[36m[collector][0m [32minfo[39m: -- Working Raw Text doc Technical data --
[36m[collector][0m [32minfo[39m: [SUCCESS]: Raw text and metadata saved & ready for embedding.

[36m[collector][0m [32minfo[39m: -- Working Raw Text doc Function sequence, principle --
[36m[collector][0m [32minfo[39m: [SUCCESS]: Raw text and metadata saved & ready for embedding.

[36m[collector][0m [32minfo[39m: -- Working Raw Text doc Transport --
[36m[collector][0m [32minfo[39m: [SUCCESS]: Raw text and metadata saved & ready for embedding.

[36m[collector][0m [32minfo[39m: -- Working Raw Text doc Lifting areas --
[36m[collector][0m [32minfo[39m: [SUCCESS]: Raw text and metadata saved & ready for embedding.

[36m[collector][0m [32minfo[39m: -- Working Raw Text doc Transport packing --
[36m[collector][0m [32minfo[39m: [SUCCESS]: Raw text and metadata saved & ready for embedding.

[36m[collector][0m [32minfo[39m: -- Working Raw Text doc Machine storage --
[36m[collector][0m [32minfo[39m: [SUCCESS]: Raw text and metadata saved & ready for embedding.

[36m[collector][0m [32minfo[39m: -- Working Raw Text doc Set-up, assembly, installation --
[36m[collector][0m [32minfo[39m: [SUCCESS]: Raw text and metadata saved & ready for embedding.

[36m[collector][0m [32minfo[39m: -- Working Raw Text doc Set-up --
[36m[collector][0m [32minfo[39m: [SUCCESS]: Raw text and metadata saved & ready for embedding.

[36m[collector][0m [32minfo[39m: -- Working Raw Text doc Assembly --
[36m[collector][0m [32minfo[39m: [SUCCESS]: Raw text and metadata saved & ready for embedding.

[36m[collector][0m [32minfo[39m: -- Working Raw Text doc Installation --
[36m[collector][0m [32minfo[39m: [SUCCESS]: Raw text and metadata saved & ready for embedding.

[36m[collector][0m [32minfo[39m: -- Working Raw Text doc Operating elements --
[36m[collector][0m [32minfo[39m: [SUCCESS]: Raw text and metadata saved & ready for embedding.

[36m[collector][0m [32minfo[39m: -- Working Raw Text doc Main disconnect --
[36m[collector][0m [32minfo[39m: [SUCCESS]: Raw text and metadata saved & ready for embedding.

[36m[collector][0m [32minfo[39m: -- Working Raw Text doc EMERGENCY STOP button --
[36m[collector][0m [32minfo[39m: [SUCCESS]: Raw text and metadata saved & ready for embedding.

[36m[collector][0m [32minfo[39m: -- Working Raw Text doc Start key / stop key --
[36m[collector][0m [32minfo[39m: [SUCCESS]: Raw text and metadata saved & ready for embedding.

[36m[collector][0m [32minfo[39m: -- Working Raw Text doc Commissioning/Start-up --
[36m[collector][0m [32minfo[39m: [SUCCESS]: Raw text and metadata saved & ready for embedding.

[36m[collector][0m [32minfo[39m: -- Working Raw Text doc Switching on the machine --
[36m[collector][0m [32minfo[39m: [SUCCESS]: Raw text and metadata saved & ready for embedding.

[36m[collector][0m [32minfo[39m: -- Working Raw Text doc Initial start-up --
[36m[collector][0m [32minfo[39m: [SUCCESS]: Raw text and metadata saved & ready for embedding.

[36m[collector][0m [32minfo[39m: -- Working Raw Text doc De-commissioning/Shut-down --
[36m[collector][0m [32minfo[39m: [SUCCESS]: Raw text and metadata saved & ready for embedding.

[36m[collector][0m [32minfo[39m: -- Working Raw Text doc Switching off the machine --
[36m[collector][0m [32minfo[39m: [SUCCESS]: Raw text and metadata saved & ready for embedding.

[36m[collector][0m [32minfo[39m: -- Working Raw Text doc Shut-down for an extended period --
[36m[collector][0m [32minfo[39m: [SUCCESS]: Raw text and metadata saved & ready for embedding.

[36m[collector][0m [32minfo[39m: -- Working Raw Text doc Maintenance --
[36m[collector][0m [32minfo[39m: [SUCCESS]: Raw text and metadata saved & ready for embedding.

[36m[collector][0m [32minfo[39m: -- Working Raw Text doc Abbreviations used in this chapter --
[36m[collector][0m [32minfo[39m: [SUCCESS]: Raw text and metadata saved & ready for embedding.

[36m[collector][0m [32minfo[39m: -- Working Raw Text doc Maintenance and inspection --
[36m[collector][0m [32minfo[39m: [SUCCESS]: Raw text and metadata saved & ready for embedding.

[36m[collector][0m [32minfo[39m: -- Working Raw Text doc Maintenance log --
[36m[collector][0m [32minfo[39m: [SUCCESS]: Raw text and metadata saved & ready for embedding.

[36m[collector][0m [32minfo[39m: -- Working Raw Text doc Malfunctions --
[36m[collector][0m [32minfo[39m: [SUCCESS]: Raw text and metadata saved & ready for embedding.

[36m[collector][0m [32minfo[39m: -- Working Raw Text doc Foreword / explanation of descriptions --
[36m[collector][0m [32minfo[39m: [SUCCESS]: Raw text and metadata saved & ready for embedding.

[36m[collector][0m [32minfo[39m: -- Working Raw Text doc Obligation of the user/owner --
[36m[collector][0m [32minfo[39m: [SUCCESS]: Raw text and metadata saved & ready for embedding.

[36m[collector][0m [32minfo[39m: -- Working Raw Text doc Description conventions --
[36m[collector][0m [32minfo[39m: [SUCCESS]: Raw text and metadata saved & ready for embedding.

[36m[collector][0m [32minfo[39m: -- Working Raw Text doc Safety --
[36m[collector][0m [32minfo[39m: [SUCCESS]: Raw text and metadata saved & ready for embedding.

[36m[collector][0m [32minfo[39m: -- Working Raw Text doc Technical Data --
[36m[collector][0m [32minfo[39m: [SUCCESS]: Raw text and metadata saved & ready for embedding.

[36m[collector][0m [32minfo[39m: -- Working Raw Text doc Function sequence, principle --
[36m[collector][0m [32minfo[39m: [SUCCESS]: Raw text and metadata saved & ready for embedding.

[36m[collector][0m [32minfo[39m: -- Working Raw Text doc Transport --
[36m[collector][0m [32minfo[39m: [SUCCESS]: Raw text and metadata saved & ready for embedding.

[36m[collector][0m [32minfo[39m: -- Working Raw Text doc Set-up, assembly, installation --
[36m[collector][0m [32minfo[39m: [SUCCESS]: Raw text and metadata saved & ready for embedding.

[36m[collector][0m [32minfo[39m: -- Working Raw Text doc Operating elements --
[36m[collector][0m [32minfo[39m: [SUCCESS]: Raw text and metadata saved & ready for embedding.

[36m[collector][0m [32minfo[39m: -- Working Raw Text doc Commissioning/start-up --
[36m[collector][0m [32minfo[39m: [SUCCESS]: Raw text and metadata saved & ready for embedding.

[36m[collector][0m [32minfo[39m: -- Working Raw Text doc Shut-down --
[36m[collector][0m [32minfo[39m: [SUCCESS]: Raw text and metadata saved & ready for embedding.

[36m[collector][0m [32minfo[39m: -- Working Raw Text doc IBT operating device --
[36m[collector][0m [32minfo[39m: [SUCCESS]: Raw text and metadata saved & ready for embedding.

[36m[collector][0m [32minfo[39m: -- Working Raw Text doc Parameters --
[36m[collector][0m [32minfo[39m: [SUCCESS]: Raw text and metadata saved & ready for embedding.

[36m[collector][0m [32minfo[39m: -- Working Raw Text doc Service work --
[36m[collector][0m [32minfo[39m: [SUCCESS]: Raw text and metadata saved & ready for embedding.

[36m[collector][0m [32minfo[39m: -- Working Raw Text doc Malfunctions --
[36m[collector][0m [32minfo[39m: [SUCCESS]: Raw text and metadata saved & ready for embedding.

[36m[collector][0m [32minfo[39m: -- Working Raw Text doc Foreword / explanation of descriptions --
[36m[collector][0m [32minfo[39m: [SUCCESS]: Raw text and metadata saved & ready for embedding.

[36m[collector][0m [32minfo[39m: -- Working Raw Text doc Obligation of the user/owner --
[36m[collector][0m [32minfo[39m: [SUCCESS]: Raw text and metadata saved & ready for embedding.

[36m[collector][0m [32minfo[39m: -- Working Raw Text doc Description conventions --
[36m[collector][0m [32minfo[39m: [SUCCESS]: Raw text and metadata saved & ready for embedding.

[36m[collector][0m [32minfo[39m: -- Working Raw Text doc Safety --
[36m[collector][0m [32minfo[39m: [SUCCESS]: Raw text and metadata saved & ready for embedding.

[36m[collector][0m [32minfo[39m: -- Working Raw Text doc Technical Data --
[36m[collector][0m [32minfo[39m: [SUCCESS]: Raw text and metadata saved & ready for embedding.

[36m[collector][0m [32minfo[39m: -- Working Raw Text doc Function sequence, principle --
[36m[collector][0m [32minfo[39m: [SUCCESS]: Raw text and metadata saved & ready for embedding.

[36m[collector][0m [32minfo[39m: -- Working Raw Text doc Transport --
[36m[collector][0m [32minfo[39m: [SUCCESS]: Raw text and metadata saved & ready for embedding.

[36m[collector][0m [32minfo[39m: -- Working Raw Text doc Set-up, assembly, installation --
[36m[collector][0m [32minfo[39m: [SUCCESS]: Raw text and metadata saved & ready for embedding.

[36m[collector][0m [32minfo[39m: -- Working Raw Text doc Operating elements --
[36m[collector][0m [32minfo[39m: [SUCCESS]: Raw text and metadata saved & ready for embedding.

[36m[collector][0m [32minfo[39m: -- Working Raw Text doc Commissioning/start-up --
[36m[collector][0m [32minfo[39m: [SUCCESS]: Raw text and metadata saved & ready for embedding.

[36m[collector][0m [32minfo[39m: -- Working Raw Text doc Shut-down --
[36m[collector][0m [32minfo[39m: [SUCCESS]: Raw text and metadata saved & ready for embedding.

[36m[collector][0m [32minfo[39m: -- Working Raw Text doc IBT operating device --
[36m[collector][0m [32minfo[39m: [SUCCESS]: Raw text and metadata saved & ready for embedding.

[36m[collector][0m [32minfo[39m: -- Working Raw Text doc Parameters --
[36m[collector][0m [32minfo[39m: [SUCCESS]: Raw text and metadata saved & ready for embedding.

[36m[collector][0m [32minfo[39m: -- Working Raw Text doc Service work --
[36m[collector][0m [32minfo[39m: [SUCCESS]: Raw text and metadata saved & ready for embedding.

[36m[collector][0m [32minfo[39m: -- Working Raw Text doc Malfunctions --
[36m[collector][0m [32minfo[39m: [SUCCESS]: Raw text and metadata saved & ready for embedding.

[36m[collector][0m [32minfo[39m: -- Working Folder1_2_3-wiring_final.txt --
[36m[collector][0m [32minfo[39m: [SUCCESS]: Folder1_2_3-wiring_final.txt converted & ready for embedding.

[36m[collector][0m [32minfo[39m: -- Working Raw Text doc Description conventions --
[36m[collector][0m [32minfo[39m: [SUCCESS]: Raw text and metadata saved & ready for embedding.

[36m[collector][0m [32minfo[39m: -- Working Raw Text doc Product description --
[36m[collector][0m [32minfo[39m: [SUCCESS]: Raw text and metadata saved & ready for embedding.

[36m[collector][0m [32minfo[39m: -- Working Raw Text doc Information about the operating manual --
[36m[collector][0m [32minfo[39m: [SUCCESS]: Raw text and metadata saved & ready for embedding.

[36m[collector][0m [32minfo[39m: -- Working Raw Text doc Starting the operating device --
[36m[collector][0m [32minfo[39m: [SUCCESS]: Raw text and metadata saved & ready for embedding.

[36m[collector][0m [32minfo[39m: -- Working Raw Text doc User interface --
[36m[collector][0m [32minfo[39m: [SUCCESS]: Raw text and metadata saved & ready for embedding.

[36m[collector][0m [32minfo[39m: -- Working Raw Text doc Operation --
[36m[collector][0m [32minfo[39m: [SUCCESS]: Raw text and metadata saved & ready for embedding.

[36m[collector][0m [32minfo[39m: -- Working Raw Text doc Message --
[36m[collector][0m [32minfo[39m: [SUCCESS]: Raw text and metadata saved & ready for embedding.

[36m[collector][0m [32minfo[39m: -- Working Raw Text doc Menus --
[36m[collector][0m [32minfo[39m: [SUCCESS]: Raw text and metadata saved & ready for embedding.

[36m[collector][0m [32minfo[39m: -- Working Raw Text doc Parameters & Messages --
[36m[collector][0m [32minfo[39m: [SUCCESS]: Raw text and metadata saved & ready for embedding.

[36m[collector][0m [32minfo[39m: -- Working Raw Text doc Appendix --
[36m[collector][0m [32minfo[39m: [SUCCESS]: Raw text and metadata saved & ready for embedding.

[36m[collector][0m [32minfo[39m: -- Working Raw Text doc Foreword / Description conventions --
[36m[collector][0m [32minfo[39m: [SUCCESS]: Raw text and metadata saved & ready for embedding.

[36m[collector][0m [32minfo[39m: -- Working Raw Text doc Transport and storage --
[36m[collector][0m [32minfo[39m: [SUCCESS]: Raw text and metadata saved & ready for embedding.

[36m[collector][0m [32minfo[39m: -- Working Raw Text doc Assembly --
[36m[collector][0m [32minfo[39m: [SUCCESS]: Raw text and metadata saved & ready for embedding.

[36m[collector][0m [32minfo[39m: -- Working Raw Text doc Emissions --
[36m[collector][0m [32minfo[39m: [SUCCESS]: Raw text and metadata saved & ready for embedding.

[36m[collector][0m [32minfo[39m: -- Working Raw Text doc Machine description --
[36m[collector][0m [32minfo[39m: [SUCCESS]: Raw text and metadata saved & ready for embedding.

[36m[collector][0m [32minfo[39m: -- Working Raw Text doc Workplaces --
[36m[collector][0m [32minfo[39m: [SUCCESS]: Raw text and metadata saved & ready for embedding.

[36m[collector][0m [32minfo[39m: -- Working Raw Text doc Intended use --
[36m[collector][0m [32minfo[39m: [SUCCESS]: Raw text and metadata saved & ready for embedding.

[36m[collector][0m [32minfo[39m: -- Working Raw Text doc Incorrect use --
[36m[collector][0m [32minfo[39m: [SUCCESS]: Raw text and metadata saved & ready for embedding.

[36m[collector][0m [32minfo[39m: -- Working Raw Text doc Residual risks --
[36m[collector][0m [32minfo[39m: [SUCCESS]: Raw text and metadata saved & ready for embedding.

[36m[collector][0m [32minfo[39m: -- Working Raw Text doc Personal protection equipment --
[36m[collector][0m [32minfo[39m: [SUCCESS]: Raw text and metadata saved & ready for embedding.

[36m[collector][0m [32minfo[39m: -- Working Raw Text doc Service work --
[36m[collector][0m [32minfo[39m: [SUCCESS]: Raw text and metadata saved & ready for embedding.

[36m[collector][0m [32minfo[39m: -- Working Raw Text doc Wear parts --
[36m[collector][0m [32minfo[39m: [SUCCESS]: Raw text and metadata saved & ready for embedding.

[36m[collector][0m [32minfo[39m: -- Working Raw Text doc Malfunctions --
[36m[collector][0m [32minfo[39m: [SUCCESS]: Raw text and metadata saved & ready for embedding.

[36m[collector][0m [32minfo[39m: -- Working Raw Text doc Operation and parameterization --
[36m[collector][0m [32minfo[39m: [SUCCESS]: Raw text and metadata saved & ready for embedding.

[36m[collector][0m [32minfo[39m: -- Working Raw Text doc Documentation issued by third-party manufacturers --
[36m[collector][0m [32minfo[39m: [SUCCESS]: Raw text and metadata saved & ready for embedding.

[36m[collector][0m [32minfo[39m: -- Working Raw Text doc Foreword / Description conventions --
[36m[collector][0m [32minfo[39m: [SUCCESS]: Raw text and metadata saved & ready for embedding.

[36m[collector][0m [32minfo[39m: -- Working Raw Text doc Transport and storage --
[36m[collector][0m [32minfo[39m: [SUCCESS]: Raw text and metadata saved & ready for embedding.

[36m[collector][0m [32minfo[39m: -- Working Raw Text doc Assembly --
[36m[collector][0m [32minfo[39m: [SUCCESS]: Raw text and metadata saved & ready for embedding.

[36m[collector][0m [32minfo[39m: -- Working Raw Text doc Emissions --
[36m[collector][0m [32minfo[39m: [SUCCESS]: Raw text and metadata saved & ready for embedding.

[36m[collector][0m [32minfo[39m: -- Working Raw Text doc Machine description --
[36m[collector][0m [32minfo[39m: [SUCCESS]: Raw text and metadata saved & ready for embedding.

[36m[collector][0m [32minfo[39m: -- Working Raw Text doc Workplaces --
[36m[collector][0m [32minfo[39m: [SUCCESS]: Raw text and metadata saved & ready for embedding.

[36m[collector][0m [32minfo[39m: -- Working Raw Text doc Intended use --
[36m[collector][0m [32minfo[39m: [SUCCESS]: Raw text and metadata saved & ready for embedding.

[36m[collector][0m [32minfo[39m: -- Working Raw Text doc Incorrect use --
[36m[collector][0m [32minfo[39m: [SUCCESS]: Raw text and metadata saved & ready for embedding.

[36m[collector][0m [32minfo[39m: -- Working Raw Text doc Residual risks --
[36m[collector][0m [32minfo[39m: [SUCCESS]: Raw text and metadata saved & ready for embedding.

[36m[collector][0m [32minfo[39m: -- Working Raw Text doc Personal protection equipment --
[36m[collector][0m [32minfo[39m: [SUCCESS]: Raw text and metadata saved & ready for embedding.

[36m[collector][0m [32minfo[39m: -- Working Raw Text doc Service work --
[36m[collector][0m [32minfo[39m: [SUCCESS]: Raw text and metadata saved & ready for embedding.

[36m[collector][0m [32minfo[39m: -- Working Raw Text doc Wear parts --
[36m[collector][0m [32minfo[39m: [SUCCESS]: Raw text and metadata saved & ready for embedding.

[36m[collector][0m [32minfo[39m: -- Working Raw Text doc Malfunctions --
[36m[collector][0m [32minfo[39m: [SUCCESS]: Raw text and metadata saved & ready for embedding.

[36m[collector][0m [32minfo[39m: -- Working Raw Text doc Operation and parameterization --
[36m[collector][0m [32minfo[39m: [SUCCESS]: Raw text and metadata saved & ready for embedding.

[36m[collector][0m [32minfo[39m: -- Working Raw Text doc Documentation issued by third-party manufacturers --
[36m[collector][0m [32minfo[39m: [SUCCESS]: Raw text and metadata saved & ready for embedding.

[36m[collector][0m [32minfo[39m: -- Working Raw Text doc General information --
[36m[collector][0m [32minfo[39m: [SUCCESS]: Raw text and metadata saved & ready for embedding.

[36m[collector][0m [32minfo[39m: -- Working Raw Text doc Intended use --
[36m[collector][0m [32minfo[39m: [SUCCESS]: Raw text and metadata saved & ready for embedding.

[36m[collector][0m [32minfo[39m: -- Working Raw Text doc Safety --
[36m[collector][0m [32minfo[39m: [SUCCESS]: Raw text and metadata saved & ready for embedding.

[36m[collector][0m [32minfo[39m: -- Working Raw Text doc Initial commissioning/start-up --
[36m[collector][0m [32minfo[39m: [SUCCESS]: Raw text and metadata saved & ready for embedding.

[36m[collector][0m [32minfo[39m: -- Working Raw Text doc Workplaces --
[36m[collector][0m [32minfo[39m: [SUCCESS]: Raw text and metadata saved & ready for embedding.

[36m[collector][0m [32minfo[39m: -- Working Raw Text doc Operation --
[36m[collector][0m [32minfo[39m: [SUCCESS]: Raw text and metadata saved & ready for embedding.

[36m[collector][0m [32minfo[39m: -- Working Raw Text doc Control system --
[36m[collector][0m [32minfo[39m: [SUCCESS]: Raw text and metadata saved & ready for embedding.

[36m[collector][0m [32minfo[39m: -- Working Raw Text doc Malfunctions --
[36m[collector][0m [32minfo[39m: [SUCCESS]: Raw text and metadata saved & ready for embedding.

[36m[collector][0m [32minfo[39m: -- Working Raw Text doc Dismantling, disposal --
[36m[collector][0m [32minfo[39m: [SUCCESS]: Raw text and metadata saved & ready for embedding.

[36m[collector][0m [32minfo[39m: -- Working Raw Text doc Technical supplement --
[36m[collector][0m [32minfo[39m: [SUCCESS]: Raw text and metadata saved & ready for embedding.

[36m[collector][0m [32minfo[39m: -- Working DryerWiring_final.txt --
[36m[collector][0m [32minfo[39m: [SUCCESS]: DryerWiring_final.txt converted & ready for embedding.

[36m[collector][0m [32minfo[39m: -- Working Raw Text doc Gas heater --
[36m[collector][0m [32minfo[39m: [SUCCESS]: Raw text and metadata saved & ready for embedding.

[36m[collector][0m [32minfo[39m: -- Working Raw Text doc Safety information --
[36m[collector][0m [32minfo[39m: [SUCCESS]: Raw text and metadata saved & ready for embedding.

[36m[collector][0m [32minfo[39m: -- Working Raw Text doc Expert (qualified) personnel --
[36m[collector][0m [32minfo[39m: [SUCCESS]: Raw text and metadata saved & ready for embedding.

[36m[collector][0m [32minfo[39m: -- Working Raw Text doc Safety measures, if gas can be smelled --
[36m[collector][0m [32minfo[39m: [SUCCESS]: Raw text and metadata saved & ready for embedding.

[36m[collector][0m [32minfo[39m: -- Working Raw Text doc Gas features --
[36m[collector][0m [32minfo[39m: [SUCCESS]: Raw text and metadata saved & ready for embedding.

[36m[collector][0m [32minfo[39m: -- Working Raw Text doc Change of the type of gas --
[36m[collector][0m [32minfo[39m: [SUCCESS]: Raw text and metadata saved & ready for embedding.

[36m[collector][0m [32minfo[39m: -- Working Raw Text doc Connection conditions --
[36m[collector][0m [32minfo[39m: [SUCCESS]: Raw text and metadata saved & ready for embedding.

[36m[collector][0m [32minfo[39m: -- Working Raw Text doc Type plate --
[36m[collector][0m [32minfo[39m: [SUCCESS]: Raw text and metadata saved & ready for embedding.

[36m[collector][0m [32minfo[39m: -- Working Raw Text doc Gas connection work --
[36m[collector][0m [32minfo[39m: [SUCCESS]: Raw text and metadata saved & ready for embedding.

[36m[collector][0m [32minfo[39m: -- Working Raw Text doc Specification of the gas heater --
[36m[collector][0m [32minfo[39m: [SUCCESS]: Raw text and metadata saved & ready for embedding.

[36m[collector][0m [32minfo[39m: -- Working Raw Text doc Gas heater function --
[36m[collector][0m [32minfo[39m: [SUCCESS]: Raw text and metadata saved & ready for embedding.

[36m[collector][0m [32minfo[39m: -- Working Raw Text doc Safety functions --
[36m[collector][0m [32minfo[39m: [SUCCESS]: Raw text and metadata saved & ready for embedding.

[36m[collector][0m [32minfo[39m: -- Working Raw Text doc Inspection/test and service work --
[36m[collector][0m [32minfo[39m: [SUCCESS]: Raw text and metadata saved & ready for embedding.

[36m[collector][0m [32minfo[39m: -- Working Raw Text doc Form sheet 'Service' --
[36m[collector][0m [32minfo[39m: [SUCCESS]: Raw text and metadata saved & ready for embedding.

[36m[collector][0m [32minfo[39m: -- Working Raw Text doc General information --
[36m[collector][0m [32minfo[39m: [SUCCESS]: Raw text and metadata saved & ready for embedding.

[36m[collector][0m [32minfo[39m: -- Working Raw Text doc Intended use --
[36m[collector][0m [32minfo[39m: [SUCCESS]: Raw text and metadata saved & ready for embedding.

[36m[collector][0m [32minfo[39m: -- Working Raw Text doc Safety --
[36m[collector][0m [32minfo[39m: [SUCCESS]: Raw text and metadata saved & ready for embedding.

[36m[collector][0m [32minfo[39m: -- Working Raw Text doc Machine description --
[36m[collector][0m [32minfo[39m: [SUCCESS]: Raw text and metadata saved & ready for embedding.

[36m[collector][0m [32minfo[39m: -- Working Raw Text doc Heater --
[36m[collector][0m [32minfo[39m: [SUCCESS]: Raw text and metadata saved & ready for embedding.

[36m[collector][0m [32minfo[39m: -- Working Raw Text doc Transport and stability --
[36m[collector][0m [32minfo[39m: [SUCCESS]: Raw text and metadata saved & ready for embedding.

[36m[collector][0m [32minfo[39m: -- Working Raw Text doc Assembly --
[36m[collector][0m [32minfo[39m: [SUCCESS]: Raw text and metadata saved & ready for embedding.

[36m[collector][0m [32minfo[39m: -- Working Raw Text doc Workplaces --
[36m[collector][0m [32minfo[39m: [SUCCESS]: Raw text and metadata saved & ready for embedding.

[36m[collector][0m [32minfo[39m: -- Working Raw Text doc Operation --
[36m[collector][0m [32minfo[39m: [SUCCESS]: Raw text and metadata saved & ready for embedding.

[36m[collector][0m [32minfo[39m: -- Working Raw Text doc Control system --
[36m[collector][0m [32minfo[39m: [SUCCESS]: Raw text and metadata saved & ready for embedding.

[36m[collector][0m [32minfo[39m: -- Working Raw Text doc Malfunctions --
[36m[collector][0m [32minfo[39m: [SUCCESS]: Raw text and metadata saved & ready for embedding.

[36m[collector][0m [32minfo[39m: -- Working Raw Text doc Wiring Document --
[36m[collector][0m [32minfo[39m: [SUCCESS]: Raw text and metadata saved & ready for embedding.

[36m[collector][0m [32minfo[39m: -- Working Raw Text doc Wiring Document --
[36m[collector][0m [32minfo[39m: [SUCCESS]: Raw text and metadata saved & ready for embedding.

[36m[collector][0m [32minfo[39m: -- Working Raw Text doc Manual Individual Sections --
[36m[collector][0m [32minfo[39m: [SUCCESS]: Raw text and metadata saved & ready for embedding.

[36m[collector][0m [32minfo[39m: -- Working Raw Text doc Manual Individual Sections --
[36m[collector][0m [32minfo[39m: [SUCCESS]: Raw text and metadata saved & ready for embedding.

[36m[collector][0m [32minfo[39m: -- Working Raw Text doc Wiring Document --
[36m[collector][0m [32minfo[39m: [SUCCESS]: Raw text and metadata saved & ready for embedding.

[36m[collector][0m [32minfo[39m: -- Working Raw Text doc Manual Individual Sections --
[36m[collector][0m [32minfo[39m: [SUCCESS]: Raw text and metadata saved & ready for embedding.

[36m[collector][0m [32minfo[39m: -- Working Raw Text doc Manual Individual Sections --
[36m[collector][0m [32minfo[39m: [SUCCESS]: Raw text and metadata saved & ready for embedding.

[36m[collector][0m [32minfo[39m: -- Working Raw Text doc Manual Individual Sections --
[36m[collector][0m [32minfo[39m: [SUCCESS]: Raw text and metadata saved & ready for embedding.

[36m[collector][0m [32minfo[39m: -- Working Raw Text doc Manual Individual Sections --
[36m[collector][0m [32minfo[39m: [SUCCESS]: Raw text and metadata saved & ready for embedding.

[36m[collector][0m [32minfo[39m: -- Working Raw Text doc Manual Individual Sections --
[36m[collector][0m [32minfo[39m: [SUCCESS]: Raw text and metadata saved & ready for embedding.

[36m[collector][0m [32minfo[39m: -- Working Raw Text doc Manual Individual Sections --
[36m[collector][0m [32minfo[39m: [SUCCESS]: Raw text and metadata saved & ready for embedding.

[36m[collector][0m [32minfo[39m: -- Working Raw Text doc Wiring Document --
[36m[collector][0m [32minfo[39m: [SUCCESS]: Raw text and metadata saved & ready for embedding.

[36m[collector][0m [32minfo[39m: -- Working Raw Text doc Manual Individual Sections --
[36m[collector][0m [32minfo[39m: [SUCCESS]: Raw text and metadata saved & ready for embedding.

[36m[collector][0m [32minfo[39m: -- Working Raw Text doc Manual Individual Sections --
[36m[collector][0m [32minfo[39m: [SUCCESS]: Raw text and metadata saved & ready for embedding.

[36m[collector][0m [32minfo[39m: -- Working Raw Text doc Manual Individual Sections --
[36m[collector][0m [32minfo[39m: [SUCCESS]: Raw text and metadata saved & ready for embedding.

[36m[collector][0m [32minfo[39m: -- Working Raw Text doc Manual Individual Sections --
[36m[collector][0m [32minfo[39m: [SUCCESS]: Raw text and metadata saved & ready for embedding.

[36m[collector][0m [32minfo[39m: -- Working Raw Text doc Wiring Document --
[36m[collector][0m [32minfo[39m: [SUCCESS]: Raw text and metadata saved & ready for embedding.

[36m[collector][0m [32minfo[39m: -- Working Raw Text doc Manual Individual Sections --
[36m[collector][0m [32minfo[39m: [SUCCESS]: Raw text and metadata saved & ready for embedding.

[36m[collector][0m [32minfo[39m: -- Working Raw Text doc Manual Individual Sections --
[36m[collector][0m [32minfo[39m: [SUCCESS]: Raw text and metadata saved & ready for embedding.

[36m[collector][0m [32minfo[39m: -- Working Raw Text doc Manual Individual Sections --
[36m[collector][0m [32minfo[39m: [SUCCESS]: Raw text and metadata saved & ready for embedding.

[36m[collector][0m [32minfo[39m: -- Working Raw Text doc Wiring Document --
[36m[collector][0m [32minfo[39m: [SUCCESS]: Raw text and metadata saved & ready for embedding.

[36m[collector][0m [32minfo[39m: -- Working Raw Text doc Manual Individual Sections --
[36m[collector][0m [32minfo[39m: [SUCCESS]: Raw text and metadata saved & ready for embedding.

[36m[collector][0m [32minfo[39m: -- Working Raw Text doc Manual Individual Sections --
[36m[collector][0m [32minfo[39m: [SUCCESS]: Raw text and metadata saved & ready for embedding.

[36m[collector][0m [32minfo[39m: -- Working Raw Text doc Wiring Document --
[36m[collector][0m [32minfo[39m: [SUCCESS]: Raw text and metadata saved & ready for embedding.

[36m[collector][0m [32minfo[39m: -- Working Raw Text doc Manual Individual Sections --
[36m[collector][0m [32minfo[39m: [SUCCESS]: Raw text and metadata saved & ready for embedding.

[36m[collector][0m [32minfo[39m: -- Working Raw Text doc Wiring Document --
[36m[collector][0m [32minfo[39m: [SUCCESS]: Raw text and metadata saved & ready for embedding.

[36m[collector][0m [32minfo[39m: -- Working Raw Text doc Manual Individual Sections --
[36m[collector][0m [32minfo[39m: [SUCCESS]: Raw text and metadata saved & ready for embedding.

[36m[collector][0m [32minfo[39m: -- Working Raw Text doc Manual Individual Sections --
[36m[collector][0m [32minfo[39m: [SUCCESS]: Raw text and metadata saved & ready for embedding.

[36m[collector][0m [32minfo[39m: -- Working Raw Text doc Wiring Document --
[36m[collector][0m [32minfo[39m: [SUCCESS]: Raw text and metadata saved & ready for embedding.

[36m[collector][0m [32minfo[39m: -- Working Raw Text doc Dryer_Wiring-Wiring --
[36m[collector][0m [32minfo[39m: [SUCCESS]: Raw text and metadata saved & ready for embedding.

[36m[collector][0m [32minfo[39m: -- Working Raw Text doc CSP-Manual-Foreword _ Description conventions --
[36m[collector][0m [32minfo[39m: [SUCCESS]: Raw text and metadata saved & ready for embedding.

[36m[collector][0m [32minfo[39m: -- Working Raw Text doc CSP-Manual-Transport and storage --
[36m[collector][0m [32minfo[39m: [SUCCESS]: Raw text and metadata saved & ready for embedding.

[36m[collector][0m [32minfo[39m: -- Working Raw Text doc CSP-Manual-Assembly --
[36m[collector][0m [32minfo[39m: [SUCCESS]: Raw text and metadata saved & ready for embedding.

[36m[collector][0m [32minfo[39m: -- Working Raw Text doc CSP-Manual-Emissions --
[36m[collector][0m [32minfo[39m: [SUCCESS]: Raw text and metadata saved & ready for embedding.

[36m[collector][0m [32minfo[39m: -- Working Raw Text doc CSP-Manual-Machine description --
[36m[collector][0m [32minfo[39m: [SUCCESS]: Raw text and metadata saved & ready for embedding.

[36m[collector][0m [32minfo[39m: -- Working Raw Text doc CSP-Manual-Workplaces --
[36m[collector][0m [32minfo[39m: [SUCCESS]: Raw text and metadata saved & ready for embedding.

[36m[collector][0m [32minfo[39m: -- Working Raw Text doc CSP-Manual-Intended use --
[36m[collector][0m [32minfo[39m: [SUCCESS]: Raw text and metadata saved & ready for embedding.

[36m[collector][0m [32minfo[39m: -- Working Raw Text doc CSP-Manual-Incorrect use --
[36m[collector][0m [32minfo[39m: [SUCCESS]: Raw text and metadata saved & ready for embedding.

[36m[collector][0m [32minfo[39m: -- Working Raw Text doc CSP-Manual-Residual risks --
[36m[collector][0m [32minfo[39m: [SUCCESS]: Raw text and metadata saved & ready for embedding.

[36m[collector][0m [32minfo[39m: -- Working Raw Text doc CSP-Manual-Personal protection equipment --
[36m[collector][0m [32minfo[39m: [SUCCESS]: Raw text and metadata saved & ready for embedding.

[36m[collector][0m [32minfo[39m: -- Working Raw Text doc CSP-Manual-Service work --
[36m[collector][0m [32minfo[39m: [SUCCESS]: Raw text and metadata saved & ready for embedding.

[36m[collector][0m [32minfo[39m: -- Working Raw Text doc CSP-Manual-Wear parts --
[36m[collector][0m [32minfo[39m: [SUCCESS]: Raw text and metadata saved & ready for embedding.

[36m[collector][0m [32minfo[39m: -- Working Raw Text doc CSP-Manual-Malfunctions --
[36m[collector][0m [32minfo[39m: [SUCCESS]: Raw text and metadata saved & ready for embedding.

[36m[collector][0m [32minfo[39m: -- Working Raw Text doc CSP-Manual-Operation and parameterization --
[36m[collector][0m [32minfo[39m: [SUCCESS]: Raw text and metadata saved & ready for embedding.

[36m[collector][0m [32minfo[39m: -- Working Raw Text doc CSP-Manual-Documentation issued by third-party manufacturers --
[36m[collector][0m [32minfo[39m: [SUCCESS]: Raw text and metadata saved & ready for embedding.

[36m[collector][0m [32minfo[39m: -- Working Raw Text doc conveyor_control_Manual-General information --
[36m[collector][0m [32minfo[39m: [SUCCESS]: Raw text and metadata saved & ready for embedding.

[36m[collector][0m [32minfo[39m: -- Working Raw Text doc conveyor_control_Manual-Intended use --
[36m[collector][0m [32minfo[39m: [SUCCESS]: Raw text and metadata saved & ready for embedding.

[36m[collector][0m [32minfo[39m: -- Working Raw Text doc conveyor_control_Manual-Safety --
[36m[collector][0m [32minfo[39m: [SUCCESS]: Raw text and metadata saved & ready for embedding.

[36m[collector][0m [32minfo[39m: -- Working Raw Text doc conveyor_control_Manual-Initial commissioning_start-up --
[36m[collector][0m [32minfo[39m: [SUCCESS]: Raw text and metadata saved & ready for embedding.

[36m[collector][0m [32minfo[39m: -- Working Raw Text doc conveyor_control_Manual-Workplaces --
[36m[collector][0m [32minfo[39m: [SUCCESS]: Raw text and metadata saved & ready for embedding.

[36m[collector][0m [32minfo[39m: -- Working Raw Text doc conveyor_control_Manual-Operation --
[36m[collector][0m [32minfo[39m: [SUCCESS]: Raw text and metadata saved & ready for embedding.

[36m[collector][0m [32minfo[39m: -- Working Raw Text doc conveyor_control_Manual-Control system --
[36m[collector][0m [32minfo[39m: [SUCCESS]: Raw text and metadata saved & ready for embedding.

[36m[collector][0m [32minfo[39m: -- Working Raw Text doc conveyor_control_Manual-Malfunctions --
[36m[collector][0m [32minfo[39m: [SUCCESS]: Raw text and metadata saved & ready for embedding.

[36m[collector][0m [32minfo[39m: -- Working Raw Text doc conveyor_control_Manual-Dismantling, disposal --
[36m[collector][0m [32minfo[39m: [SUCCESS]: Raw text and metadata saved & ready for embedding.

[36m[collector][0m [32minfo[39m: -- Working Raw Text doc conveyor_control_Manual-Technical supplement --
[36m[collector][0m [32minfo[39m: [SUCCESS]: Raw text and metadata saved & ready for embedding.

[36m[collector][0m [32minfo[39m: -- Working Raw Text doc dryerPowerDry_Manual-General information --
[36m[collector][0m [32minfo[39m: [SUCCESS]: Raw text and metadata saved & ready for embedding.

[36m[collector][0m [32minfo[39m: -- Working Raw Text doc dryerPowerDry_Manual-Intended use --
[36m[collector][0m [32minfo[39m: [SUCCESS]: Raw text and metadata saved & ready for embedding.

[36m[collector][0m [32minfo[39m: -- Working Raw Text doc dryerPowerDry_Manual-Safety --
[36m[collector][0m [32minfo[39m: [SUCCESS]: Raw text and metadata saved & ready for embedding.

[36m[collector][0m [32minfo[39m: -- Working Raw Text doc dryerPowerDry_Manual-Machine description --
[36m[collector][0m [32minfo[39m: [SUCCESS]: Raw text and metadata saved & ready for embedding.

[36m[collector][0m [32minfo[39m: -- Working Raw Text doc dryerPowerDry_Manual-Heater --
[36m[collector][0m [32minfo[39m: [SUCCESS]: Raw text and metadata saved & ready for embedding.

[36m[collector][0m [32minfo[39m: -- Working Raw Text doc dryerPowerDry_Manual-Transport and stability --
[36m[collector][0m [32minfo[39m: [SUCCESS]: Raw text and metadata saved & ready for embedding.

[36m[collector][0m [32minfo[39m: -- Working Raw Text doc dryerPowerDry_Manual-Assembly --
[36m[collector][0m [32minfo[39m: [SUCCESS]: Raw text and metadata saved & ready for embedding.

[36m[collector][0m [32minfo[39m: -- Working Raw Text doc dryerPowerDry_Manual-Workplaces --
[36m[collector][0m [32minfo[39m: [SUCCESS]: Raw text and metadata saved & ready for embedding.

[36m[collector][0m [32minfo[39m: -- Working Raw Text doc dryerPowerDry_Manual-Operation --
[36m[collector][0m [32minfo[39m: [SUCCESS]: Raw text and metadata saved & ready for embedding.

[36m[collector][0m [32minfo[39m: -- Working Raw Text doc dryerPowerDry_Manual-Control system --
[36m[collector][0m [32minfo[39m: [SUCCESS]: Raw text and metadata saved & ready for embedding.

[36m[collector][0m [32minfo[39m: -- Working Raw Text doc Dryer_Wiring-Wiring --
[36m[collector][0m [32minfo[39m: [SUCCESS]: Raw text and metadata saved & ready for embedding.

[36m[collector][0m [32minfo[39m: -- Working Raw Text doc gasHeaterPowerdry_Manual-Gas heater --
[36m[collector][0m [32minfo[39m: [SUCCESS]: Raw text and metadata saved & ready for embedding.

[36m[collector][0m [32minfo[39m: -- Working Raw Text doc gasHeaterPowerdry_Manual-Safety information --
[36m[collector][0m [32minfo[39m: [SUCCESS]: Raw text and metadata saved & ready for embedding.

[36m[collector][0m [32minfo[39m: -- Working Raw Text doc gasHeaterPowerdry_Manual-Expert (qualified) personnel --
[36m[collector][0m [32minfo[39m: [SUCCESS]: Raw text and metadata saved & ready for embedding.

[36m[collector][0m [32minfo[39m: -- Working Raw Text doc gasHeaterPowerdry_Manual-Safety measures, if gas can be smelled --
[36m[collector][0m [32minfo[39m: [SUCCESS]: Raw text and metadata saved & ready for embedding.

[36m[collector][0m [32minfo[39m: -- Working Raw Text doc gasHeaterPowerdry_Manual-Gas features --
[36m[collector][0m [32minfo[39m: [SUCCESS]: Raw text and metadata saved & ready for embedding.

[36m[collector][0m [32minfo[39m: -- Working Raw Text doc gasHeaterPowerdry_Manual-Change of the type of gas --
[36m[collector][0m [32minfo[39m: [SUCCESS]: Raw text and metadata saved & ready for embedding.

[36m[collector][0m [32minfo[39m: -- Working Raw Text doc gasHeaterPowerdry_Manual-Connection conditions --
[36m[collector][0m [32minfo[39m: [SUCCESS]: Raw text and metadata saved & ready for embedding.

[36m[collector][0m [32minfo[39m: -- Working Raw Text doc gasHeaterPowerdry_Manual-Type plate --
[36m[collector][0m [32minfo[39m: [SUCCESS]: Raw text and metadata saved & ready for embedding.

[36m[collector][0m [32minfo[39m: -- Working Raw Text doc gasHeaterPowerdry_Manual-Gas connection work --
[36m[collector][0m [32minfo[39m: [SUCCESS]: Raw text and metadata saved & ready for embedding.

[36m[collector][0m [32minfo[39m: -- Working Raw Text doc gasHeaterPowerdry_Manual-Specification of the gas heater --
[36m[collector][0m [32minfo[39m: [SUCCESS]: Raw text and metadata saved & ready for embedding.

[36m[collector][0m [32minfo[39m: -- Working Raw Text doc gasHeaterPowerdry_Manual-Gas heater function --
[36m[collector][0m [32minfo[39m: [SUCCESS]: Raw text and metadata saved & ready for embedding.

[36m[collector][0m [32minfo[39m: -- Working Raw Text doc gasHeaterPowerdry_Manual-Safety functions --
[36m[collector][0m [32minfo[39m: [SUCCESS]: Raw text and metadata saved & ready for embedding.

[36m[collector][0m [32minfo[39m: -- Working Raw Text doc gasHeaterPowerdry_Manual-Inspection_test and service work --
[36m[collector][0m [32minfo[39m: [SUCCESS]: Raw text and metadata saved & ready for embedding.

[36m[collector][0m [32minfo[39m: -- Working Raw Text doc feeder_3_Manual-General information --
[36m[collector][0m [32minfo[39m: [SUCCESS]: Raw text and metadata saved & ready for embedding.

[36m[collector][0m [32minfo[39m: -- Working Raw Text doc feeder_3_Manual-Intended use --
[36m[collector][0m [32minfo[39m: [SUCCESS]: Raw text and metadata saved & ready for embedding.

[36m[collector][0m [32minfo[39m: -- Working Raw Text doc feeder_3_Manual-Safety --
[36m[collector][0m [32minfo[39m: [SUCCESS]: Raw text and metadata saved & ready for embedding.

[36m[collector][0m [32minfo[39m: -- Working Raw Text doc feeder_3_Manual-Machine description --
[36m[collector][0m [32minfo[39m: [SUCCESS]: Raw text and metadata saved & ready for embedding.

[36m[collector][0m [32minfo[39m: -- Working Raw Text doc feeder_3_Manual-Transport and stability --
[36m[collector][0m [32minfo[39m: [SUCCESS]: Raw text and metadata saved & ready for embedding.

[36m[collector][0m [32minfo[39m: -- Working Raw Text doc feeder_3_Manual-Assembly --
[36m[collector][0m [32minfo[39m: [SUCCESS]: Raw text and metadata saved & ready for embedding.

[36m[collector][0m [32minfo[39m: -- Working Raw Text doc feeder_3_Manual-Workplaces --
[36m[collector][0m [32minfo[39m: [SUCCESS]: Raw text and metadata saved & ready for embedding.

[36m[collector][0m [32minfo[39m: -- Working Raw Text doc feeder_3_Manual-Operation --
[36m[collector][0m [32minfo[39m: [SUCCESS]: Raw text and metadata saved & ready for embedding.

[36m[collector][0m [32minfo[39m: -- Working Raw Text doc feeder_3_Manual-Control system --
[36m[collector][0m [32minfo[39m: [SUCCESS]: Raw text and metadata saved & ready for embedding.

[36m[collector][0m [32minfo[39m: -- Working Raw Text doc feeder_3_Manual-Malfunctions --
[36m[collector][0m [32minfo[39m: [SUCCESS]: Raw text and metadata saved & ready for embedding.

[36m[collector][0m [32minfo[39m: -- Working Raw Text doc feeder_3_Manual-Maintenance and service --
[36m[collector][0m [32minfo[39m: [SUCCESS]: Raw text and metadata saved & ready for embedding.

[36m[collector][0m [32minfo[39m: -- Working Raw Text doc feeder_3_Manual-Wear parts and spare parts --
[36m[collector][0m [32minfo[39m: [SUCCESS]: Raw text and metadata saved & ready for embedding.

[36m[collector][0m [32minfo[39m: -- Working Raw Text doc feeder_3_Manual-Dismantling and disposal --
[36m[collector][0m [32minfo[39m: [SUCCESS]: Raw text and metadata saved & ready for embedding.

[36m[collector][0m [32minfo[39m: -- Working Raw Text doc X6_Manual-Description conventions --
[36m[collector][0m [32minfo[39m: [SUCCESS]: Raw text and metadata saved & ready for embedding.

[36m[collector][0m [32minfo[39m: -- Working Raw Text doc X6_Manual-Product description --
[36m[collector][0m [32minfo[39m: [SUCCESS]: Raw text and metadata saved & ready for embedding.

[36m[collector][0m [32minfo[39m: -- Working Raw Text doc X6_Manual-Care Instructions --
[36m[collector][0m [32minfo[39m: [SUCCESS]: Raw text and metadata saved & ready for embedding.

[36m[collector][0m [32minfo[39m: -- Working Raw Text doc X6_Manual-Performance features X8 --
[36m[collector][0m [32minfo[39m: [SUCCESS]: Raw text and metadata saved & ready for embedding.

[36m[collector][0m [32minfo[39m: -- Working Raw Text doc X6_Manual-Performance features X6m --
[36m[collector][0m [32minfo[39m: [SUCCESS]: Raw text and metadata saved & ready for embedding.

[36m[collector][0m [32minfo[39m: -- Working Raw Text doc X6_Manual-Connections X8 --
[36m[collector][0m [32minfo[39m: [SUCCESS]: Raw text and metadata saved & ready for embedding.

[36m[collector][0m [32minfo[39m: -- Working Raw Text doc X6_Manual-Connections X6m --
[36m[collector][0m [32minfo[39m: [SUCCESS]: Raw text and metadata saved & ready for embedding.

[36m[collector][0m [32minfo[39m: -- Working Raw Text doc X6_Manual-Ambient conditions --
[36m[collector][0m [32minfo[39m: [SUCCESS]: Raw text and metadata saved & ready for embedding.

[36m[collector][0m [32minfo[39m: -- Working Raw Text doc X6_Manual-Information about the operating manual --
[36m[collector][0m [32minfo[39m: [SUCCESS]: Raw text and metadata saved & ready for embedding.

[36m[collector][0m [32minfo[39m: -- Working Raw Text doc X6_Manual-Starting the operating device --
[36m[collector][0m [32minfo[39m: [SUCCESS]: Raw text and metadata saved & ready for embedding.

[36m[collector][0m [32minfo[39m: -- Working Raw Text doc X6_Manual-User interface --
[36m[collector][0m [32minfo[39m: [SUCCESS]: Raw text and metadata saved & ready for embedding.

[36m[collector][0m [32minfo[39m: -- Working Raw Text doc X6_Manual-Message --
[36m[collector][0m [32minfo[39m: [SUCCESS]: Raw text and metadata saved & ready for embedding.

[36m[collector][0m [32minfo[39m: -- Working Raw Text doc X6_Manual-Menus --
[36m[collector][0m [32minfo[39m: [SUCCESS]: Raw text and metadata saved & ready for embedding.

[36m[collector][0m [32minfo[39m: -- Working Raw Text doc X6_Manual-Parameters & Messages --
[36m[collector][0m [32minfo[39m: [SUCCESS]: Raw text and metadata saved & ready for embedding.

[36m[collector][0m [32minfo[39m: -- Working Raw Text doc X6_Manual-Appendix --
[36m[collector][0m [32minfo[39m: [SUCCESS]: Raw text and metadata saved & ready for embedding.

[36m[collector][0m [32minfo[39m: -- Working Raw Text doc Feeding-4-Manual-General information --
[36m[collector][0m [32minfo[39m: [SUCCESS]: Raw text and metadata saved & ready for embedding.

[36m[collector][0m [32minfo[39m: -- Working Raw Text doc Feeding-4-Manual-Intended use --
[36m[collector][0m [32minfo[39m: [SUCCESS]: Raw text and metadata saved & ready for embedding.

[36m[collector][0m [32minfo[39m: -- Working Raw Text doc Feeding-4-Manual-Safety --
[36m[collector][0m [32minfo[39m: [SUCCESS]: Raw text and metadata saved & ready for embedding.

[36m[collector][0m [32minfo[39m: -- Working Raw Text doc Feeding-4-Manual-Machine description --
[36m[collector][0m [32minfo[39m: [SUCCESS]: Raw text and metadata saved & ready for embedding.

[36m[collector][0m [32minfo[39m: -- Working Raw Text doc Feeding-4-Manual-Transport and stability --
[36m[collector][0m [32minfo[39m: [SUCCESS]: Raw text and metadata saved & ready for embedding.

[36m[collector][0m [32minfo[39m: -- Working Raw Text doc Feeding-4-Manual-Assembly --
[36m[collector][0m [32minfo[39m: [SUCCESS]: Raw text and metadata saved & ready for embedding.

[36m[collector][0m [32minfo[39m: -- Working Raw Text doc Feeding-4-Manual-Workplaces --
[36m[collector][0m [32minfo[39m: [SUCCESS]: Raw text and metadata saved & ready for embedding.

[36m[collector][0m [32minfo[39m: -- Working Raw Text doc Feeding-4-Manual-Operation --
[36m[collector][0m [32minfo[39m: [SUCCESS]: Raw text and metadata saved & ready for embedding.

[36m[collector][0m [32minfo[39m: -- Working Raw Text doc Feeding-4-Manual-Control system --
[36m[collector][0m [32minfo[39m: [SUCCESS]: Raw text and metadata saved & ready for embedding.

[36m[collector][0m [32minfo[39m: -- Working Raw Text doc Feeding-4-Manual-Incorrect use --
[36m[collector][0m [32minfo[39m: [SUCCESS]: Raw text and metadata saved & ready for embedding.

[36m[collector][0m [32minfo[39m: -- Working Raw Text doc Feeding-4-Manual-Maintenance and service --
[36m[collector][0m [32minfo[39m: [SUCCESS]: Raw text and metadata saved & ready for embedding.

[36m[collector][0m [32minfo[39m: -- Working Raw Text doc Feeding-4-Manual-Wear parts, spare parts --
[36m[collector][0m [32minfo[39m: [SUCCESS]: Raw text and metadata saved & ready for embedding.

[36m[collector][0m [32minfo[39m: -- Working Raw Text doc Feeding-4-Manual-Dismantling, disposal --
[36m[collector][0m [32minfo[39m: [SUCCESS]: Raw text and metadata saved & ready for embedding.

[36m[collector][0m [32minfo[39m: -- Working Raw Text doc X6_Manual-Description conventions --
[36m[collector][0m [32minfo[39m: [SUCCESS]: Raw text and metadata saved & ready for embedding.

[36m[collector][0m [32minfo[39m: -- Working Raw Text doc X6_Manual-Product description --
[36m[collector][0m [32minfo[39m: [SUCCESS]: Raw text and metadata saved & ready for embedding.

[36m[collector][0m [32minfo[39m: -- Working Raw Text doc X6_Manual-Care Instructions --
[36m[collector][0m [32minfo[39m: [SUCCESS]: Raw text and metadata saved & ready for embedding.

[36m[collector][0m [32minfo[39m: -- Working Raw Text doc X6_Manual-Performance features X8 --
[36m[collector][0m [32minfo[39m: [SUCCESS]: Raw text and metadata saved & ready for embedding.

[36m[collector][0m [32minfo[39m: -- Working Raw Text doc X6_Manual-Performance features X6m --
[36m[collector][0m [32minfo[39m: [SUCCESS]: Raw text and metadata saved & ready for embedding.

[36m[collector][0m [32minfo[39m: -- Working Raw Text doc X6_Manual-Connections X8 --
[36m[collector][0m [32minfo[39m: [SUCCESS]: Raw text and metadata saved & ready for embedding.

[36m[collector][0m [32minfo[39m: -- Working Raw Text doc X6_Manual-Connections X6m --
[36m[collector][0m [32minfo[39m: [SUCCESS]: Raw text and metadata saved & ready for embedding.

[36m[collector][0m [32minfo[39m: -- Working Raw Text doc X6_Manual-Ambient conditions --
[36m[collector][0m [32minfo[39m: [SUCCESS]: Raw text and metadata saved & ready for embedding.

[36m[collector][0m [32minfo[39m: -- Working Raw Text doc X6_Manual-Information about the operating manual --
[36m[collector][0m [32minfo[39m: [SUCCESS]: Raw text and metadata saved & ready for embedding.

[36m[collector][0m [32minfo[39m: -- Working Raw Text doc X6_Manual-Starting the operating device --
[36m[collector][0m [32minfo[39m: [SUCCESS]: Raw text and metadata saved & ready for embedding.

[36m[collector][0m [32minfo[39m: -- Working Raw Text doc X6_Manual-User interface --
[36m[collector][0m [32minfo[39m: [SUCCESS]: Raw text and metadata saved & ready for embedding.

[36m[collector][0m [32minfo[39m: -- Working Raw Text doc X6_Manual-Message --
[36m[collector][0m [32minfo[39m: [SUCCESS]: Raw text and metadata saved & ready for embedding.

[36m[collector][0m [32minfo[39m: -- Working Raw Text doc X6_Manual-Menus --
[36m[collector][0m [32minfo[39m: [SUCCESS]: Raw text and metadata saved & ready for embedding.

[36m[collector][0m [32minfo[39m: -- Working Raw Text doc X6_Manual-Parameters & Messages --
[36m[collector][0m [32minfo[39m: [SUCCESS]: Raw text and metadata saved & ready for embedding.

[36m[collector][0m [32minfo[39m: -- Working Raw Text doc X6_Manual-Appendix --
[36m[collector][0m [32minfo[39m: [SUCCESS]: Raw text and metadata saved & ready for embedding.

[36m[collector][0m [32minfo[39m: -- Working Raw Text doc CombinarionfoldingMachine-1_2_3_Manual-Foreword _ explanation of descriptions --
[36m[collector][0m [32minfo[39m: [SUCCESS]: Raw text and metadata saved & ready for embedding.

[36m[collector][0m [32minfo[39m: -- Working Raw Text doc CombinarionfoldingMachine-1_2_3_Manual-Safety --
[36m[collector][0m [32minfo[39m: [SUCCESS]: Raw text and metadata saved & ready for embedding.

[36m[collector][0m [32minfo[39m: -- Working Raw Text doc CombinarionfoldingMachine-1_2_3_Manual-Technical Data --
[36m[collector][0m [32minfo[39m: [SUCCESS]: Raw text and metadata saved & ready for embedding.

[36m[collector][0m [32minfo[39m: -- Working Raw Text doc CombinarionfoldingMachine-1_2_3_Manual-Function sequence, principle --
[36m[collector][0m [32minfo[39m: [SUCCESS]: Raw text and metadata saved & ready for embedding.

[36m[collector][0m [32minfo[39m: -- Working Raw Text doc CombinarionfoldingMachine-1_2_3_Manual-Transport --
[36m[collector][0m [32minfo[39m: [SUCCESS]: Raw text and metadata saved & ready for embedding.

[36m[collector][0m [32minfo[39m: -- Working Raw Text doc CombinarionfoldingMachine-1_2_3_Manual-Set-up, assembly, installation --
[36m[collector][0m [32minfo[39m: [SUCCESS]: Raw text and metadata saved & ready for embedding.

[36m[collector][0m [32minfo[39m: -- Working Raw Text doc CombinarionfoldingMachine-1_2_3_Manual-Operating elements --
[36m[collector][0m [32minfo[39m: [SUCCESS]: Raw text and metadata saved & ready for embedding.

[36m[collector][0m [32minfo[39m: -- Working Raw Text doc CombinarionfoldingMachine-1_2_3_Manual-Commissioning_start-up --
[36m[collector][0m [32minfo[39m: [SUCCESS]: Raw text and metadata saved & ready for embedding.

[36m[collector][0m [32minfo[39m: -- Working Raw Text doc CombinarionfoldingMachine-1_2_3_Manual-Shut-down --
[36m[collector][0m [32minfo[39m: [SUCCESS]: Raw text and metadata saved & ready for embedding.

[36m[collector][0m [32minfo[39m: -- Working Raw Text doc CombinarionfoldingMachine-1_2_3_Manual-IBT operating device --
[36m[collector][0m [32minfo[39m: [SUCCESS]: Raw text and metadata saved & ready for embedding.

[36m[collector][0m [32minfo[39m: -- Working Raw Text doc CombinarionfoldingMachine-1_2_3_Manual-Parameters --
[36m[collector][0m [32minfo[39m: [SUCCESS]: Raw text and metadata saved & ready for embedding.

[36m[collector][0m [32minfo[39m: -- Working Raw Text doc CombinarionfoldingMachine-1_2_3_Manual-Service work --
[36m[collector][0m [32minfo[39m: [SUCCESS]: Raw text and metadata saved & ready for embedding.

[36m[collector][0m [32minfo[39m: -- Working Raw Text doc CombinarionfoldingMachine-1_2_3_Manual-Malfunctions --
[36m[collector][0m [32minfo[39m: [SUCCESS]: Raw text and metadata saved & ready for embedding.

[36m[collector][0m [32minfo[39m: -- Working Raw Text doc Folder1_2_3_Wiring-Wiring --
[36m[collector][0m [32minfo[39m: [SUCCESS]: Raw text and metadata saved & ready for embedding.

[36m[collector][0m [32minfo[39m: -- Working Raw Text doc X6_Manual-Description conventions --
[36m[collector][0m [32minfo[39m: [SUCCESS]: Raw text and metadata saved & ready for embedding.

[36m[collector][0m [32minfo[39m: -- Working Raw Text doc X6_Manual-Care Instructions --
[36m[collector][0m [32minfo[39m: [SUCCESS]: Raw text and metadata saved & ready for embedding.

[36m[collector][0m [32minfo[39m: -- Working Raw Text doc X6_Manual-Performance features X8 --
[36m[collector][0m [32minfo[39m: [SUCCESS]: Raw text and metadata saved & ready for embedding.

[36m[collector][0m [32minfo[39m: -- Working Raw Text doc X6_Manual-Performance features X6m --
[36m[collector][0m [32minfo[39m: [SUCCESS]: Raw text and metadata saved & ready for embedding.

[36m[collector][0m [32minfo[39m: -- Working Raw Text doc X6_Manual-Connections X8 --
[36m[collector][0m [32minfo[39m: [SUCCESS]: Raw text and metadata saved & ready for embedding.

[36m[collector][0m [32minfo[39m: -- Working Raw Text doc X6_Manual-Connections X6m --
[36m[collector][0m [32minfo[39m: [SUCCESS]: Raw text and metadata saved & ready for embedding.

[36m[collector][0m [32minfo[39m: -- Working Raw Text doc X6_Manual-Ambient conditions --
[36m[collector][0m [32minfo[39m: [SUCCESS]: Raw text and metadata saved & ready for embedding.

[36m[collector][0m [32minfo[39m: -- Working Raw Text doc X6_Manual-Information about the operating manual --
[36m[collector][0m [32minfo[39m: [SUCCESS]: Raw text and metadata saved & ready for embedding.

[36m[collector][0m [32minfo[39m: -- Working Raw Text doc X6_Manual-Starting the operating device --
[36m[collector][0m [32minfo[39m: [SUCCESS]: Raw text and metadata saved & ready for embedding.

[36m[collector][0m [32minfo[39m: -- Working Raw Text doc X6_Manual-User interface --
[36m[collector][0m [32minfo[39m: [SUCCESS]: Raw text and metadata saved & ready for embedding.

[36m[collector][0m [32minfo[39m: -- Working Raw Text doc X6_Manual-Message --
[36m[collector][0m [32minfo[39m: [SUCCESS]: Raw text and metadata saved & ready for embedding.

[36m[collector][0m [32minfo[39m: -- Working Raw Text doc X6_Manual-Menus --
[36m[collector][0m [32minfo[39m: [SUCCESS]: Raw text and metadata saved & ready for embedding.

[36m[collector][0m [32minfo[39m: -- Working Raw Text doc X6_Manual-Parameters & Messages --
[36m[collector][0m [32minfo[39m: [SUCCESS]: Raw text and metadata saved & ready for embedding.

[36m[collector][0m [32minfo[39m: -- Working Raw Text doc X6_Manual-Appendix --
[36m[collector][0m [32minfo[39m: [SUCCESS]: Raw text and metadata saved & ready for embedding.

[36m[collector][0m [32minfo[39m: -- Working Raw Text doc Folder-4-Manual-Contents --
[36m[collector][0m [32minfo[39m: [SUCCESS]: Raw text and metadata saved & ready for embedding.

[36m[collector][0m [32minfo[39m: -- Working Raw Text doc Folder-4-Manual-Safety --
[36m[collector][0m [32minfo[39m: [SUCCESS]: Raw text and metadata saved & ready for embedding.

[36m[collector][0m [32minfo[39m: -- Working Raw Text doc Folder-4-Manual-Technical data --
[36m[collector][0m [32minfo[39m: [SUCCESS]: Raw text and metadata saved & ready for embedding.

[36m[collector][0m [32minfo[39m: -- Working Raw Text doc Folder-4-Manual-Function sequence, principle --
[36m[collector][0m [32minfo[39m: [SUCCESS]: Raw text and metadata saved & ready for embedding.

[36m[collector][0m [32minfo[39m: -- Working Raw Text doc Folder-4-Manual-Transport --
[36m[collector][0m [32minfo[39m: [SUCCESS]: Raw text and metadata saved & ready for embedding.

[36m[collector][0m [32minfo[39m: -- Working Raw Text doc Folder-4-Manual-Set-up, assembly, installation --
[36m[collector][0m [32minfo[39m: [SUCCESS]: Raw text and metadata saved & ready for embedding.

[36m[collector][0m [32minfo[39m: -- Working Raw Text doc Folder-4-Manual-Operating elements --
[36m[collector][0m [32minfo[39m: [SUCCESS]: Raw text and metadata saved & ready for embedding.

[36m[collector][0m [32minfo[39m: -- Working Raw Text doc Folder-4-Manual-Commissioning_start-up --
[36m[collector][0m [32minfo[39m: [SUCCESS]: Raw text and metadata saved & ready for embedding.

[36m[collector][0m [32minfo[39m: -- Working Raw Text doc Folder-4-Manual-De-commissioning_shut-down --
[36m[collector][0m [32minfo[39m: [SUCCESS]: Raw text and metadata saved & ready for embedding.

[36m[collector][0m [32minfo[39m: -- Working Raw Text doc Folder-4-Manual-IBT operating device --
[36m[collector][0m [32minfo[39m: [SUCCESS]: Raw text and metadata saved & ready for embedding.

[36m[collector][0m [32minfo[39m: -- Working Raw Text doc Folder-4-Manual-Parameters --
[36m[collector][0m [32minfo[39m: [SUCCESS]: Raw text and metadata saved & ready for embedding.

[36m[collector][0m [32minfo[39m: -- Working Raw Text doc Folder-4-Manual-Maintenance --
[36m[collector][0m [32minfo[39m: [SUCCESS]: Raw text and metadata saved & ready for embedding.

[36m[collector][0m [32minfo[39m: -- Working Raw Text doc Folder-4-Manual-Malfunctions --
[36m[collector][0m [32minfo[39m: [SUCCESS]: Raw text and metadata saved & ready for embedding.

[36m[collector][0m [32minfo[39m: -- Working Raw Text doc X6_Manual-Description conventions --
[36m[collector][0m [32minfo[39m: [SUCCESS]: Raw text and metadata saved & ready for embedding.

[36m[collector][0m [32minfo[39m: -- Working Raw Text doc X6_Manual-Product description --
[36m[collector][0m [32minfo[39m: [SUCCESS]: Raw text and metadata saved & ready for embedding.

[36m[collector][0m [32minfo[39m: -- Working Raw Text doc X6_Manual-Care Instructions --
[36m[collector][0m [32minfo[39m: [SUCCESS]: Raw text and metadata saved & ready for embedding.

[36m[collector][0m [32minfo[39m: -- Working Raw Text doc X6_Manual-Performance features X8 --
[36m[collector][0m [32minfo[39m: [SUCCESS]: Raw text and metadata saved & ready for embedding.

[36m[collector][0m [32minfo[39m: -- Working Raw Text doc X6_Manual-Performance features X6m --
[36m[collector][0m [32minfo[39m: [SUCCESS]: Raw text and metadata saved & ready for embedding.

[36m[collector][0m [32minfo[39m: -- Working Raw Text doc X6_Manual-Connections X8 --
[36m[collector][0m [32minfo[39m: [SUCCESS]: Raw text and metadata saved & ready for embedding.

[36m[collector][0m [32minfo[39m: -- Working Raw Text doc X6_Manual-Connections X6m --
[36m[collector][0m [32minfo[39m: [SUCCESS]: Raw text and metadata saved & ready for embedding.

[36m[collector][0m [32minfo[39m: -- Working Raw Text doc X6_Manual-Ambient conditions --
[36m[collector][0m [32minfo[39m: [SUCCESS]: Raw text and metadata saved & ready for embedding.

[36m[collector][0m [32minfo[39m: -- Working Raw Text doc X6_Manual-Information about the operating manual --
[36m[collector][0m [32minfo[39m: [SUCCESS]: Raw text and metadata saved & ready for embedding.

[36m[collector][0m [32minfo[39m: -- Working Raw Text doc X6_Manual-Starting the operating device --
[36m[collector][0m [32minfo[39m: [SUCCESS]: Raw text and metadata saved & ready for embedding.

[36m[collector][0m [32minfo[39m: -- Working Raw Text doc X6_Manual-User interface --
[36m[collector][0m [32minfo[39m: [SUCCESS]: Raw text and metadata saved & ready for embedding.

[36m[collector][0m [32minfo[39m: -- Working Raw Text doc X6_Manual-Message --
[36m[collector][0m [32minfo[39m: [SUCCESS]: Raw text and metadata saved & ready for embedding.

[36m[collector][0m [32minfo[39m: -- Working Raw Text doc X6_Manual-Menus --
[36m[collector][0m [32minfo[39m: [SUCCESS]: Raw text and metadata saved & ready for embedding.

[36m[collector][0m [32minfo[39m: -- Working Raw Text doc X6_Manual-Parameters & Messages --
[36m[collector][0m [32minfo[39m: [SUCCESS]: Raw text and metadata saved & ready for embedding.

[36m[collector][0m [32minfo[39m: -- Working Raw Text doc X6_Manual-Appendix --
[36m[collector][0m [32minfo[39m: [SUCCESS]: Raw text and metadata saved & ready for embedding.

[36m[collector][0m [32minfo[39m: -- Working Raw Text doc Feeder1_2_Manual-General information --
[36m[collector][0m [32minfo[39m: [SUCCESS]: Raw text and metadata saved & ready for embedding.

[36m[collector][0m [32minfo[39m: -- Working Raw Text doc Feeder1_2_Manual-Intended use --
[36m[collector][0m [32minfo[39m: [SUCCESS]: Raw text and metadata saved & ready for embedding.

[36m[collector][0m [32minfo[39m: -- Working Raw Text doc Feeder1_2_Manual-Safety --
[36m[collector][0m [32minfo[39m: [SUCCESS]: Raw text and metadata saved & ready for embedding.

[36m[collector][0m [32minfo[39m: -- Working Raw Text doc Feeder1_2_Manual-Machine description --
[36m[collector][0m [32minfo[39m: [SUCCESS]: Raw text and metadata saved & ready for embedding.

[36m[collector][0m [32minfo[39m: -- Working Raw Text doc Feeder1_2_Manual-Transport and stability --
[36m[collector][0m [32minfo[39m: [SUCCESS]: Raw text and metadata saved & ready for embedding.

[36m[collector][0m [32minfo[39m: -- Working Raw Text doc Feeder1_2_Manual-Assembly --
[36m[collector][0m [32minfo[39m: [SUCCESS]: Raw text and metadata saved & ready for embedding.

[36m[collector][0m [32minfo[39m: -- Working Raw Text doc Feeder1_2_Manual-Workplaces --
[36m[collector][0m [32minfo[39m: [SUCCESS]: Raw text and metadata saved & ready for embedding.

[36m[collector][0m [32minfo[39m: -- Working Raw Text doc Feeder1_2_Manual-Operation --
[36m[collector][0m [32minfo[39m: [SUCCESS]: Raw text and metadata saved & ready for embedding.

[36m[collector][0m [32minfo[39m: -- Working Raw Text doc Feeder1_2_Manual-Control system --
[36m[collector][0m [32minfo[39m: [SUCCESS]: Raw text and metadata saved & ready for embedding.

[36m[collector][0m [32minfo[39m: -- Working Raw Text doc Feeder1_2_Manual-Malfunctions --
[36m[collector][0m [32minfo[39m: [SUCCESS]: Raw text and metadata saved & ready for embedding.

[36m[collector][0m [32minfo[39m: -- Working Raw Text doc Feeder1_2_Manual-Maintenance and service --
[36m[collector][0m [32minfo[39m: [SUCCESS]: Raw text and metadata saved & ready for embedding.

[36m[collector][0m [32minfo[39m: -- Working Raw Text doc Feeder1_2_Manual-Wear parts and spare parts --
[36m[collector][0m [32minfo[39m: [SUCCESS]: Raw text and metadata saved & ready for embedding.

[36m[collector][0m [32minfo[39m: -- Working Raw Text doc Feeder1_2_Manual-Dismantling and disposal --
[36m[collector][0m [32minfo[39m: [SUCCESS]: Raw text and metadata saved & ready for embedding.

[36m[collector][0m [32minfo[39m: -- Working Raw Text doc Feeder_1_2_Wiring-Wiring --
[36m[collector][0m [32minfo[39m: [SUCCESS]: Raw text and metadata saved & ready for embedding.

[36m[collector][0m [32minfo[39m: -- Working Raw Text doc X6_Manual-Description conventions --
[36m[collector][0m [32minfo[39m: [SUCCESS]: Raw text and metadata saved & ready for embedding.

[36m[collector][0m [32minfo[39m: -- Working Raw Text doc X6_Manual-Product description --
[36m[collector][0m [32minfo[39m: [SUCCESS]: Raw text and metadata saved & ready for embedding.

[36m[collector][0m [32minfo[39m: -- Working Raw Text doc X6_Manual-Care Instructions --
[36m[collector][0m [32minfo[39m: [SUCCESS]: Raw text and metadata saved & ready for embedding.

[36m[collector][0m [32minfo[39m: -- Working Raw Text doc X6_Manual-Performance features X8 --
[36m[collector][0m [32minfo[39m: [SUCCESS]: Raw text and metadata saved & ready for embedding.

[36m[collector][0m [32minfo[39m: -- Working Raw Text doc X6_Manual-Performance features X6m --
[36m[collector][0m [32minfo[39m: [SUCCESS]: Raw text and metadata saved & ready for embedding.

[36m[collector][0m [32minfo[39m: -- Working Raw Text doc X6_Manual-Connections X6m --
[36m[collector][0m [32minfo[39m: [SUCCESS]: Raw text and metadata saved & ready for embedding.

[36m[collector][0m [32minfo[39m: -- Working Raw Text doc X6_Manual-Ambient conditions --
[36m[collector][0m [32minfo[39m: [SUCCESS]: Raw text and metadata saved & ready for embedding.

[36m[collector][0m [32minfo[39m: -- Working Raw Text doc X6_Manual-Information about the operating manual --
[36m[collector][0m [32minfo[39m: [SUCCESS]: Raw text and metadata saved & ready for embedding.

[36m[collector][0m [32minfo[39m: -- Working Raw Text doc X6_Manual-User interface --
[36m[collector][0m [32minfo[39m: [SUCCESS]: Raw text and metadata saved & ready for embedding.

[36m[collector][0m [32minfo[39m: -- Working Raw Text doc X6_Manual-Message --
[36m[collector][0m [32minfo[39m: [SUCCESS]: Raw text and metadata saved & ready for embedding.

[36m[collector][0m [32minfo[39m: -- Working Raw Text doc X6_Manual-Menus --
[36m[collector][0m [32minfo[39m: [SUCCESS]: Raw text and metadata saved & ready for embedding.

[36m[collector][0m [32minfo[39m: -- Working Raw Text doc X6_Manual-Parameters & Messages --
[36m[collector][0m [32minfo[39m: [SUCCESS]: Raw text and metadata saved & ready for embedding.

[36m[collector][0m [32minfo[39m: -- Working Raw Text doc X6_Manual-Appendix --
[36m[collector][0m [32minfo[39m: [SUCCESS]: Raw text and metadata saved & ready for embedding.

[36m[collector][0m [32minfo[39m: -- Working Raw Text doc Ironer1-2-3_Manual-General information --
[36m[collector][0m [32minfo[39m: [SUCCESS]: Raw text and metadata saved & ready for embedding.

[36m[collector][0m [32minfo[39m: -- Working Raw Text doc Ironer1-2-3_Manual-Intended use --
[36m[collector][0m [32minfo[39m: [SUCCESS]: Raw text and metadata saved & ready for embedding.

[36m[collector][0m [32minfo[39m: -- Working Raw Text doc Ironer1-2-3_Manual-Safety --
[36m[collector][0m [32minfo[39m: [SUCCESS]: Raw text and metadata saved & ready for embedding.

[36m[collector][0m [32minfo[39m: -- Working Raw Text doc Ironer1-2-3_Manual-Machine description --
[36m[collector][0m [32minfo[39m: [SUCCESS]: Raw text and metadata saved & ready for embedding.

[36m[collector][0m [32minfo[39m: -- Working Raw Text doc Ironer1-2-3_Manual-Transport and stability --
[36m[collector][0m [32minfo[39m: [SUCCESS]: Raw text and metadata saved & ready for embedding.

[36m[collector][0m [32minfo[39m: -- Working Raw Text doc Ironer1-2-3_Manual-Assembly --
[36m[collector][0m [32minfo[39m: [SUCCESS]: Raw text and metadata saved & ready for embedding.

[36m[collector][0m [32minfo[39m: -- Working Raw Text doc Ironer1-2-3_Manual-Workplaces --
[36m[collector][0m [32minfo[39m: [SUCCESS]: Raw text and metadata saved & ready for embedding.

[36m[collector][0m [32minfo[39m: -- Working Raw Text doc Ironer1-2-3_Manual-Operation --
[36m[collector][0m [32minfo[39m: [SUCCESS]: Raw text and metadata saved & ready for embedding.

[36m[collector][0m [32minfo[39m: -- Working Raw Text doc Ironer1-2-3_Manual-Control system --
[36m[collector][0m [32minfo[39m: [SUCCESS]: Raw text and metadata saved & ready for embedding.

[36m[collector][0m [32minfo[39m: -- Working Raw Text doc Ironer1-2-3_Manual-Malfunctions --
[36m[collector][0m [32minfo[39m: [SUCCESS]: Raw text and metadata saved & ready for embedding.

[36m[collector][0m [32minfo[39m: -- Working Raw Text doc Ironer1-2-3_Manual-Maintenance and service --
[36m[collector][0m [32minfo[39m: [SUCCESS]: Raw text and metadata saved & ready for embedding.

[36m[collector][0m [32minfo[39m: -- Working Raw Text doc Ironer1-2-3_Manual-Wear parts, spare parts --
[36m[collector][0m [32minfo[39m: [SUCCESS]: Raw text and metadata saved & ready for embedding.

[36m[collector][0m [32minfo[39m: -- Working Raw Text doc Ironer1-2-3_Manual-Dismantling, disposal --
[36m[collector][0m [32minfo[39m: [SUCCESS]: Raw text and metadata saved & ready for embedding.

[36m[collector][0m [32minfo[39m: -- Working Raw Text doc Ironer4_Manual-Foreword _ Description conventions --
[36m[collector][0m [32minfo[39m: [SUCCESS]: Raw text and metadata saved & ready for embedding.

[36m[collector][0m [32minfo[39m: -- Working Raw Text doc Ironer4_Manual-Transport and storage --
[36m[collector][0m [32minfo[39m: [SUCCESS]: Raw text and metadata saved & ready for embedding.

[36m[collector][0m [32minfo[39m: -- Working Raw Text doc Ironer4_Manual-Assembly --
[36m[collector][0m [32minfo[39m: [SUCCESS]: Raw text and metadata saved & ready for embedding.

[36m[collector][0m [32minfo[39m: -- Working Raw Text doc Ironer4_Manual-Emissions --
[36m[collector][0m [32minfo[39m: [SUCCESS]: Raw text and metadata saved & ready for embedding.

[36m[collector][0m [32minfo[39m: -- Working Raw Text doc Ironer4_Manual-Machine description --
[36m[collector][0m [32minfo[39m: [SUCCESS]: Raw text and metadata saved & ready for embedding.

[36m[collector][0m [32minfo[39m: -- Working Raw Text doc Ironer4_Manual-Workplaces --
[36m[collector][0m [32minfo[39m: [SUCCESS]: Raw text and metadata saved & ready for embedding.

[36m[collector][0m [32minfo[39m: -- Working Raw Text doc Ironer4_Manual-Intended use --
[36m[collector][0m [32minfo[39m: [SUCCESS]: Raw text and metadata saved & ready for embedding.

[36m[collector][0m [32minfo[39m: -- Working Raw Text doc Ironer4_Manual-Incorrect use --
[36m[collector][0m [32minfo[39m: [SUCCESS]: Raw text and metadata saved & ready for embedding.

[36m[collector][0m [32minfo[39m: -- Working Raw Text doc Ironer4_Manual-Residual risks --
[36m[collector][0m [32minfo[39m: [SUCCESS]: Raw text and metadata saved & ready for embedding.

[36m[collector][0m [32minfo[39m: -- Working Raw Text doc Ironer4_Manual-Personal protection equipment --
[36m[collector][0m [32minfo[39m: [SUCCESS]: Raw text and metadata saved & ready for embedding.

[36m[collector][0m [32minfo[39m: -- Working Raw Text doc Ironer4_Manual-Service work --
[36m[collector][0m [32minfo[39m: [SUCCESS]: Raw text and metadata saved & ready for embedding.

[36m[collector][0m [32minfo[39m: -- Working Raw Text doc Ironer4_Manual-Wear parts --
[36m[collector][0m [32minfo[39m: [SUCCESS]: Raw text and metadata saved & ready for embedding.

[36m[collector][0m [32minfo[39m: -- Working Raw Text doc Ironer4_Manual-Malfunctions --
[36m[collector][0m [32minfo[39m: [SUCCESS]: Raw text and metadata saved & ready for embedding.

[36m[collector][0m [32minfo[39m: -- Working Raw Text doc Required Document Title --
[36m[collector][0m [32minfo[39m: [SUCCESS]: Raw text and metadata saved & ready for embedding.

[36m[collector][0m [32minfo[39m: -- Working Raw Text doc Ironer4_Manual-Operation and parameterization --
[36m[collector][0m [32minfo[39m: [SUCCESS]: Raw text and metadata saved & ready for embedding.

[36m[collector][0m [32minfo[39m: -- Working Raw Text doc conveyorcontrol_Wiring-Wiring --
[36m[collector][0m [32minfo[39m: [SUCCESS]: Raw text and metadata saved & ready for embedding.

[36m[collector][0m [32minfo[39m: -- Working Raw Text doc Required Document Title --
[36m[collector][0m [32minfo[39m: [SUCCESS]: Raw text and metadata saved & ready for embedding.

[36m[collector][0m [32minfo[39m: -- Working Raw Text doc shuttle_Manual-General information --
[36m[collector][0m [32minfo[39m: [SUCCESS]: Raw text and metadata saved & ready for embedding.

[36m[collector][0m [32minfo[39m: -- Working Raw Text doc shuttle_Manual-Intended use --
[36m[collector][0m [32minfo[39m: [SUCCESS]: Raw text and metadata saved & ready for embedding.

[36m[collector][0m [32minfo[39m: -- Working Raw Text doc shuttle_Manual-Safety --
[36m[collector][0m [32minfo[39m: [SUCCESS]: Raw text and metadata saved & ready for embedding.

[36m[collector][0m [32minfo[39m: -- Working Raw Text doc shuttle_Manual-Machine description --
[36m[collector][0m [32minfo[39m: [SUCCESS]: Raw text and metadata saved & ready for embedding.

[36m[collector][0m [32minfo[39m: -- Working Raw Text doc shuttle_Manual-Transport and stability --
[36m[collector][0m [32minfo[39m: [SUCCESS]: Raw text and metadata saved & ready for embedding.

[36m[collector][0m [32minfo[39m: -- Working Raw Text doc shuttle_Manual-Assembly --
[36m[collector][0m [32minfo[39m: [SUCCESS]: Raw text and metadata saved & ready for embedding.

[36m[collector][0m [32minfo[39m: -- Working Raw Text doc shuttle_Manual-Workplaces --
[36m[collector][0m [32minfo[39m: [SUCCESS]: Raw text and metadata saved & ready for embedding.

[36m[collector][0m [32minfo[39m: -- Working Raw Text doc shuttle_Manual-Operation --
[36m[collector][0m [32minfo[39m: [SUCCESS]: Raw text and metadata saved & ready for embedding.

[36m[collector][0m [32minfo[39m: -- Working Raw Text doc shuttle_Manual-Malfunctions --
[36m[collector][0m [32minfo[39m: [SUCCESS]: Raw text and metadata saved & ready for embedding.

[36m[collector][0m [32minfo[39m: -- Working Raw Text doc shuttle_Manual-Incorrect use --
[36m[collector][0m [32minfo[39m: [SUCCESS]: Raw text and metadata saved & ready for embedding.

[36m[collector][0m [32minfo[39m: -- Working Raw Text doc shuttle_Manual-Maintenance and service --
[36m[collector][0m [32minfo[39m: [SUCCESS]: Raw text and metadata saved & ready for embedding.

[36m[collector][0m [32minfo[39m: -- Working Raw Text doc shuttle_Manual-Wear parts, spare parts --
[36m[collector][0m [32minfo[39m: [SUCCESS]: Raw text and metadata saved & ready for embedding.

[36m[collector][0m [32minfo[39m: -- Working Raw Text doc shuttle_Manual-Dismantling, disposal --
[36m[collector][0m [32minfo[39m: [SUCCESS]: Raw text and metadata saved & ready for embedding.

[36m[collector][0m [32minfo[39m: -- Working Raw Text doc PU_Manual-Foreword _ explanation of descriptions --
[36m[collector][0m [32minfo[39m: [SUCCESS]: Raw text and metadata saved & ready for embedding.

[36m[collector][0m [32minfo[39m: -- Working Raw Text doc PU_Manual-Description conventions --
[36m[collector][0m [32minfo[39m: [SUCCESS]: Raw text and metadata saved & ready for embedding.

[36m[collector][0m [32minfo[39m: -- Working Raw Text doc PU_Manual-Symbols used on texts and in figures --
[36m[collector][0m [32minfo[39m: [SUCCESS]: Raw text and metadata saved & ready for embedding.

[36m[collector][0m [32minfo[39m: -- Working Raw Text doc PU_Manual-Event »B« follows event »A« --
[36m[collector][0m [32minfo[39m: [SUCCESS]: Raw text and metadata saved & ready for embedding.

[36m[collector][0m [32minfo[39m: -- Working Raw Text doc PU_Manual-Machine is turned off or turn on machine --
[36m[collector][0m [32minfo[39m: [SUCCESS]: Raw text and metadata saved & ready for embedding.

[36m[collector][0m [32minfo[39m: -- Working Raw Text doc PU_Manual-Machine is turned off. Energy flow stopped --
[36m[collector][0m [32minfo[39m: [SUCCESS]: Raw text and metadata saved & ready for embedding.

[36m[collector][0m [32minfo[39m: -- Working Raw Text doc PU_Manual-Symbols used in flow diagrams --
[36m[collector][0m [32minfo[39m: [SUCCESS]: Raw text and metadata saved & ready for embedding.

[36m[collector][0m [32minfo[39m: -- Working Raw Text doc PU_Manual-Operating safety_ Warning signs --
[36m[collector][0m [32minfo[39m: [SUCCESS]: Raw text and metadata saved & ready for embedding.

[36m[collector][0m [32minfo[39m: -- Working Raw Text doc PU_Manual-Safety --
[36m[collector][0m [32minfo[39m: [SUCCESS]: Raw text and metadata saved & ready for embedding.

[36m[collector][0m [32minfo[39m: -- Working Raw Text doc PU_Manual-Technical data --
[36m[collector][0m [32minfo[39m: [SUCCESS]: Raw text and metadata saved & ready for embedding.

[36m[collector][0m [32minfo[39m: -- Working Raw Text doc PU_Manual-Function sequence, principle --
[36m[collector][0m [32minfo[39m: [SUCCESS]: Raw text and metadata saved & ready for embedding.

[36m[collector][0m [32minfo[39m: -- Working Raw Text doc PU_Manual-Transport --
[36m[collector][0m [32minfo[39m: [SUCCESS]: Raw text and metadata saved & ready for embedding.

[36m[collector][0m [32minfo[39m: -- Working Raw Text doc PU_Manual-Set-up, assembly, installation --
[36m[collector][0m [32minfo[39m: [SUCCESS]: Raw text and metadata saved & ready for embedding.

[36m[collector][0m [32minfo[39m: -- Working Raw Text doc PU_Manual-Operating elements --
[36m[collector][0m [32minfo[39m: [SUCCESS]: Raw text and metadata saved & ready for embedding.

[36m[collector][0m [32minfo[39m: -- Working Raw Text doc PU_Manual-Commissioning_start-up --
[36m[collector][0m [32minfo[39m: [SUCCESS]: Raw text and metadata saved & ready for embedding.

[36m[collector][0m [32minfo[39m: -- Working Raw Text doc PU_Manual-Shut-down --
[36m[collector][0m [32minfo[39m: [SUCCESS]: Raw text and metadata saved & ready for embedding.

[36m[collector][0m [32minfo[39m: -- Working Raw Text doc PU_Manual-Operation and parameterisation --
[36m[collector][0m [32minfo[39m: [SUCCESS]: Raw text and metadata saved & ready for embedding.

[36m[collector][0m [32minfo[39m: -- Working Raw Text doc PU_Manual-Maintenance --
[36m[collector][0m [32minfo[39m: [SUCCESS]: Raw text and metadata saved & ready for embedding.

[36m[collector][0m [32minfo[39m: -- Working Raw Text doc PU_Manual-Malfunctions --
[36m[collector][0m [32minfo[39m: [SUCCESS]: Raw text and metadata saved & ready for embedding.

[36m[collector][0m [32minfo[39m: -- Working Raw Text doc PU_Wiring-Wiring --
[36m[collector][0m [32minfo[39m: [SUCCESS]: Raw text and metadata saved & ready for embedding.

[36m[collector][0m [32minfo[39m: -- Working Raw Text doc Powerpress_Manual-General information --
[36m[collector][0m [32minfo[39m: [SUCCESS]: Raw text and metadata saved & ready for embedding.

[36m[collector][0m [32minfo[39m: -- Working Raw Text doc Powerpress_Manual-Intended use --
[36m[collector][0m [32minfo[39m: [SUCCESS]: Raw text and metadata saved & ready for embedding.

[36m[collector][0m [32minfo[39m: -- Working Raw Text doc Powerpress_Manual-Safety --
[36m[collector][0m [32minfo[39m: [SUCCESS]: Raw text and metadata saved & ready for embedding.

[36m[collector][0m [32minfo[39m: -- Working Raw Text doc Powerpress_Manual-Machine description --
[36m[collector][0m [32minfo[39m: [SUCCESS]: Raw text and metadata saved & ready for embedding.

[36m[collector][0m [32minfo[39m: -- Working Raw Text doc Powerpress_Manual-Transport and stability --
[36m[collector][0m [32minfo[39m: [SUCCESS]: Raw text and metadata saved & ready for embedding.

[36m[collector][0m [32minfo[39m: -- Working Raw Text doc Powerpress_Manual-Assembly --
[36m[collector][0m [32minfo[39m: [SUCCESS]: Raw text and metadata saved & ready for embedding.

[36m[collector][0m [32minfo[39m: -- Working Raw Text doc Powerpress_Manual-Workplaces --
[36m[collector][0m [32minfo[39m: [SUCCESS]: Raw text and metadata saved & ready for embedding.

[36m[collector][0m [32minfo[39m: -- Working Raw Text doc Powerpress_Manual-Operation --
[36m[collector][0m [32minfo[39m: [SUCCESS]: Raw text and metadata saved & ready for embedding.

[36m[collector][0m [32minfo[39m: -- Working Raw Text doc Powerpress_Manual-Control system --
[36m[collector][0m [32minfo[39m: [SUCCESS]: Raw text and metadata saved & ready for embedding.

[36m[collector][0m [32minfo[39m: -- Working Raw Text doc Powerpress_Manual-Malfunctions --
[36m[collector][0m [32minfo[39m: [SUCCESS]: Raw text and metadata saved & ready for embedding.

[36m[collector][0m [32minfo[39m: -- Working Raw Text doc Powerpress_Manual-Incorrect use --
[36m[collector][0m [32minfo[39m: [SUCCESS]: Raw text and metadata saved & ready for embedding.

[36m[collector][0m [32minfo[39m: -- Working Raw Text doc sampleUser-Test Workspace-2025-03-19T21:30:00Z --
[36m[collector][0m [32minfo[39m: [SUCCESS]: Raw text and metadata saved & ready for embedding.

[36m[collector][0m [32minfo[39m: -- Working Raw Text doc Powerpress_Manual-Maintenance and service --
[36m[collector][0m [32minfo[39m: [SUCCESS]: Raw text and metadata saved & ready for embedding.

[36m[collector][0m [32minfo[39m: -- Working Raw Text doc sampleUser-Test Workspace-2025-03-19T21:30:00Z --
[36m[collector][0m [32minfo[39m: [SUCCESS]: Raw text and metadata saved & ready for embedding.

[36m[collector][0m [32minfo[39m: -- Working Raw Text doc Powerpress_Manual-Wear parts, spare parts --
[36m[collector][0m [32minfo[39m: [SUCCESS]: Raw text and metadata saved & ready for embedding.

[36m[collector][0m [32minfo[39m: -- Working Raw Text doc Powerpress_Manual-Dismantling, disposal --
[36m[collector][0m [32minfo[39m: [SUCCESS]: Raw text and metadata saved & ready for embedding.

[36m[collector][0m [32minfo[39m: -- Working Raw Text doc Powerpress_Manual-Technical supplement --
[36m[collector][0m [32minfo[39m: [SUCCESS]: Raw text and metadata saved & ready for embedding.

[36m[collector][0m [32minfo[39m: -- Working Raw Text doc powerpress_Wiring-Wiring --
[36m[collector][0m [32minfo[39m: [SUCCESS]: Raw text and metadata saved & ready for embedding.

[36m[collector][0m [32minfo[39m: -- Working Raw Text doc ExtringuishingDevice_Manual-Extinguishing device --
[36m[collector][0m [32minfo[39m: [SUCCESS]: Raw text and metadata saved & ready for embedding.

[36m[collector][0m [32minfo[39m: -- Working Raw Text doc ExtringuishingDevice_Manual-Operating panel for the extinguishing device --
[36m[collector][0m [32minfo[39m: [SUCCESS]: Raw text and metadata saved & ready for embedding.

[36m[collector][0m [32minfo[39m: -- Working Raw Text doc ExtringuishingDevice_Manual-Checking the sprinkler system --
[36m[collector][0m [32minfo[39m: [SUCCESS]: Raw text and metadata saved & ready for embedding.

[36m[collector][0m [32minfo[39m: -- Working Raw Text doc Steamtunnel-Instruction_Manual-Kenndaten --
[36m[collector][0m [32minfo[39m: [SUCCESS]: Raw text and metadata saved & ready for embedding.

[36m[collector][0m [32minfo[39m: -- Working Raw Text doc Steamtunnel-Instruction_Manual-Transport --
[36m[collector][0m [32minfo[39m: [SUCCESS]: Raw text and metadata saved & ready for embedding.

[36m[collector][0m [32minfo[39m: -- Working Raw Text doc Steamtunnel-Instruction_Manual-Bedienung --
[36m[collector][0m [32minfo[39m: [SUCCESS]: Raw text and metadata saved & ready for embedding.

[36m[collector][0m [32minfo[39m: -- Working Raw Text doc Steamtunnel-Instruction_Manual-Option Bediengerät IBT --
[36m[collector][0m [32minfo[39m: [SUCCESS]: Raw text and metadata saved & ready for embedding.

[36m[collector][0m [32minfo[39m: -- Working Raw Text doc Steamtunnel-Instruction_Manual-Option Bediengerät NBT mit Informationen zu Störungen --
[36m[collector][0m [32minfo[39m: [SUCCESS]: Raw text and metadata saved & ready for embedding.

[36m[collector][0m [32minfo[39m: -- Working Raw Text doc Steamtunnel-Instruction_Manual-Instandhaltung --
[36m[collector][0m [32minfo[39m: [SUCCESS]: Raw text and metadata saved & ready for embedding.

[36m[collector][0m [32minfo[39m: -- Working Raw Text doc Steamtunnel-Instruction_Manual-Option IBT, Störungen --
[36m[collector][0m [32minfo[39m: [SUCCESS]: Raw text and metadata saved & ready for embedding.

[36m[collector][0m [32minfo[39m: -- Working Raw Text doc Steamtunnel-Instruction_Manual-Technische Daten --
[36m[collector][0m [32minfo[39m: [SUCCESS]: Raw text and metadata saved & ready for embedding.

[36m[collector][0m [32minfo[39m: -- Working Raw Text doc SteamTunnel_Wiring-Wiring --
[36m[collector][0m [32minfo[39m: [SUCCESS]: Raw text and metadata saved & ready for embedding.

[36m[collector][0m [32minfo[39m: -- Working Raw Text doc Storage transfer conveyor_Manual-Foreword _ Description explanations --
[36m[collector][0m [32minfo[39m: [SUCCESS]: Raw text and metadata saved & ready for embedding.

[36m[collector][0m [32minfo[39m: -- Working Raw Text doc Storage transfer conveyor_Manual-Safety --
[36m[collector][0m [32minfo[39m: [SUCCESS]: Raw text and metadata saved & ready for embedding.

[36m[collector][0m [32minfo[39m: -- Working Raw Text doc Storage transfer conveyor_Manual-Technical data --
[36m[collector][0m [32minfo[39m: [SUCCESS]: Raw text and metadata saved & ready for embedding.

[36m[collector][0m [32minfo[39m: -- Working Raw Text doc Storage transfer conveyor_Manual-Function sequence, principle --
[36m[collector][0m [32minfo[39m: [SUCCESS]: Raw text and metadata saved & ready for embedding.

[36m[collector][0m [32minfo[39m: -- Working Raw Text doc Storage transfer conveyor_Manual-Transport --
[36m[collector][0m [32minfo[39m: [SUCCESS]: Raw text and metadata saved & ready for embedding.

[36m[collector][0m [32minfo[39m: -- Working Raw Text doc Storage transfer conveyor_Manual-Set-up, assembly, installation --
[36m[collector][0m [32minfo[39m: [SUCCESS]: Raw text and metadata saved & ready for embedding.

[36m[collector][0m [32minfo[39m: -- Working Raw Text doc Storage transfer conveyor_Manual-Operating elements --
[36m[collector][0m [32minfo[39m: [SUCCESS]: Raw text and metadata saved & ready for embedding.

[36m[collector][0m [32minfo[39m: -- Working Raw Text doc Storage transfer conveyor_Manual-Commissioning_Start-up --
[36m[collector][0m [32minfo[39m: [SUCCESS]: Raw text and metadata saved & ready for embedding.

[36m[collector][0m [32minfo[39m: -- Working Raw Text doc Storage transfer conveyor_Manual-De-commissioning_Shut-down --
[36m[collector][0m [32minfo[39m: [SUCCESS]: Raw text and metadata saved & ready for embedding.

[36m[collector][0m [32minfo[39m: -- Working Raw Text doc Storage transfer conveyor_Manual-Maintenance --
[36m[collector][0m [32minfo[39m: [SUCCESS]: Raw text and metadata saved & ready for embedding.

[36m[collector][0m [32minfo[39m: -- Working Raw Text doc Storage transfer conveyor_Manual-Malfunctions --
[36m[collector][0m [32minfo[39m: [SUCCESS]: Raw text and metadata saved & ready for embedding.

[36m[collector][0m [32minfo[39m: -- Working Raw Text doc powertrans_controlsystem_Manual-Preface --
[36m[collector][0m [32minfo[39m: [SUCCESS]: Raw text and metadata saved & ready for embedding.

[36m[collector][0m [32minfo[39m: -- Working Raw Text doc powertrans_controlsystem_Manual-General information --
[36m[collector][0m [32minfo[39m: [SUCCESS]: Raw text and metadata saved & ready for embedding.

[36m[collector][0m [32minfo[39m: -- Working Raw Text doc powertrans_controlsystem_Manual-Categories --
[36m[collector][0m [32minfo[39m: [SUCCESS]: Raw text and metadata saved & ready for embedding.

[36m[collector][0m [32minfo[39m: -- Working Raw Text doc powertrans_operatingmanual_Manual-General information --
[36m[collector][0m [32minfo[39m: [SUCCESS]: Raw text and metadata saved & ready for embedding.

[36m[collector][0m [32minfo[39m: -- Working Raw Text doc powertrans_operatingmanual_Manual-Intended use --
[36m[collector][0m [32minfo[39m: [SUCCESS]: Raw text and metadata saved & ready for embedding.

[36m[collector][0m [32minfo[39m: -- Working Raw Text doc powertrans_operatingmanual_Manual-Safety --
[36m[collector][0m [32minfo[39m: [SUCCESS]: Raw text and metadata saved & ready for embedding.

[36m[collector][0m [32minfo[39m: -- Working Raw Text doc powertrans_operatingmanual_Manual-Transport and stability --
[36m[collector][0m [32minfo[39m: [SUCCESS]: Raw text and metadata saved & ready for embedding.

[36m[collector][0m [32minfo[39m: -- Working Raw Text doc powertrans_operatingmanual_Manual-Assembly --
[36m[collector][0m [32minfo[39m: [SUCCESS]: Raw text and metadata saved & ready for embedding.

[36m[collector][0m [32minfo[39m: -- Working Raw Text doc powertrans_operatingmanual_Manual-Workplaces --
[36m[collector][0m [32minfo[39m: [SUCCESS]: Raw text and metadata saved & ready for embedding.

[36m[collector][0m [32minfo[39m: -- Working Raw Text doc powertrans_operatingmanual_Manual-Operation --
[36m[collector][0m [32minfo[39m: [SUCCESS]: Raw text and metadata saved & ready for embedding.

[36m[collector][0m [32minfo[39m: -- Working Raw Text doc powertrans_operatingmanual_Manual-Control system --
[36m[collector][0m [32minfo[39m: [SUCCESS]: Raw text and metadata saved & ready for embedding.

[36m[collector][0m [32minfo[39m: -- Working Raw Text doc powertrans_operatingmanual_Manual-Malfunctions --
[36m[collector][0m [32minfo[39m: [SUCCESS]: Raw text and metadata saved & ready for embedding.

[36m[collector][0m [32minfo[39m: -- Working Raw Text doc powertrans_operatingmanual_Manual-Incorrect use --
[36m[collector][0m [32minfo[39m: [SUCCESS]: Raw text and metadata saved & ready for embedding.

[36m[collector][0m [32minfo[39m: -- Working Raw Text doc powertrans_operatingmanual_Manual-Maintenance and service --
[36m[collector][0m [32minfo[39m: [SUCCESS]: Raw text and metadata saved & ready for embedding.

[36m[collector][0m [32minfo[39m: -- Working Raw Text doc powertrans_operatingmanual_Manual-Wear parts, spare parts --
[36m[collector][0m [32minfo[39m: [SUCCESS]: Raw text and metadata saved & ready for embedding.

[36m[collector][0m [32minfo[39m: -- Working Raw Text doc powertrans_operatingmanual_Manual-Dismantling, disposal --
[36m[collector][0m [32minfo[39m: [SUCCESS]: Raw text and metadata saved & ready for embedding.

[36m[collector][0m [32minfo[39m: -- Working Raw Text doc powertrans_operatingmanual_Manual-Technical supplement --
[36m[collector][0m [32minfo[39m: [SUCCESS]: Raw text and metadata saved & ready for embedding.

[36m[collector][0m [32minfo[39m: -- Working Raw Text doc beltconveyor_Manual-General information --
[36m[collector][0m [32minfo[39m: [SUCCESS]: Raw text and metadata saved & ready for embedding.

[36m[collector][0m [32minfo[39m: -- Working Raw Text doc beltconveyor_Manual-Intended use --
[36m[collector][0m [32minfo[39m: [SUCCESS]: Raw text and metadata saved & ready for embedding.

[36m[collector][0m [32minfo[39m: -- Working Raw Text doc beltconveyor_Manual-Safety --
[36m[collector][0m [32minfo[39m: [SUCCESS]: Raw text and metadata saved & ready for embedding.

[36m[collector][0m [32minfo[39m: -- Working Raw Text doc beltconveyor_Manual-Machine description --
[36m[collector][0m [32minfo[39m: [SUCCESS]: Raw text and metadata saved & ready for embedding.

[36m[collector][0m [32minfo[39m: -- Working Raw Text doc beltconveyor_Manual-Transport and stability --
[36m[collector][0m [32minfo[39m: [SUCCESS]: Raw text and metadata saved & ready for embedding.

[36m[collector][0m [32minfo[39m: -- Working Raw Text doc beltconveyor_Manual-Assembly --
[36m[collector][0m [32minfo[39m: [SUCCESS]: Raw text and metadata saved & ready for embedding.

[36m[collector][0m [32minfo[39m: -- Working Raw Text doc beltconveyor_Manual-Workplaces --
[36m[collector][0m [32minfo[39m: [SUCCESS]: Raw text and metadata saved & ready for embedding.

[36m[collector][0m [32minfo[39m: -- Working Raw Text doc beltconveyor_Manual-Operation --
[36m[collector][0m [32minfo[39m: [SUCCESS]: Raw text and metadata saved & ready for embedding.

[36m[collector][0m [32minfo[39m: -- Working Raw Text doc beltconveyor_Manual-Control system --
[36m[collector][0m [32minfo[39m: [SUCCESS]: Raw text and metadata saved & ready for embedding.

[36m[collector][0m [32minfo[39m: -- Working Raw Text doc beltconveyor_Manual-Malfunctions --
[36m[collector][0m [32minfo[39m: [SUCCESS]: Raw text and metadata saved & ready for embedding.

[36m[collector][0m [32minfo[39m: -- Working Raw Text doc beltconveyor_Manual-Incorrect use --
[36m[collector][0m [32minfo[39m: [SUCCESS]: Raw text and metadata saved & ready for embedding.

[36m[collector][0m [32minfo[39m: -- Working Raw Text doc beltconveyor_Manual-Maintenance and service --
[36m[collector][0m [32minfo[39m: [SUCCESS]: Raw text and metadata saved & ready for embedding.

[36m[collector][0m [32minfo[39m: -- Working Raw Text doc beltconveyor_Manual-Wear parts, spare parts --
[36m[collector][0m [32minfo[39m: [SUCCESS]: Raw text and metadata saved & ready for embedding.

[36m[collector][0m [32minfo[39m: -- Working Raw Text doc beltconveyor_Manual-Dismantling, disposal --
[36m[collector][0m [32minfo[39m: [SUCCESS]: Raw text and metadata saved & ready for embedding.

[36m[collector][0m [32minfo[39m: -- Working Raw Text doc beltconveyor_Manual-Technical supplement --
[36m[collector][0m [32minfo[39m: [SUCCESS]: Raw text and metadata saved & ready for embedding.

[36m[collector][0m [32minfo[39m: -- Working Raw Text doc X6_Manual-Description conventions --
[36m[collector][0m [32minfo[39m: [SUCCESS]: Raw text and metadata saved & ready for embedding.

[36m[collector][0m [32minfo[39m: -- Working Raw Text doc X6_Manual-Product description --
[36m[collector][0m [32minfo[39m: [SUCCESS]: Raw text and metadata saved & ready for embedding.

[36m[collector][0m [32minfo[39m: -- Working Raw Text doc X6_Manual-Information about the operating manual --
[36m[collector][0m [32minfo[39m: [SUCCESS]: Raw text and metadata saved & ready for embedding.

[36m[collector][0m [32minfo[39m: -- Working Raw Text doc X6_Manual-Starting the operating device --
[36m[collector][0m [32minfo[39m: [SUCCESS]: Raw text and metadata saved & ready for embedding.

[36m[collector][0m [32minfo[39m: -- Working Raw Text doc X6_Manual-User interface --
[36m[collector][0m [32minfo[39m: [SUCCESS]: Raw text and metadata saved & ready for embedding.

[36m[collector][0m [32minfo[39m: -- Working Raw Text doc X6_Manual-Message --
[36m[collector][0m [32minfo[39m: [SUCCESS]: Raw text and metadata saved & ready for embedding.

[36m[collector][0m [32minfo[39m: -- Working Raw Text doc X6_Manual-Menus --
[36m[collector][0m [32minfo[39m: [SUCCESS]: Raw text and metadata saved & ready for embedding.

[36m[collector][0m [32minfo[39m: -- Working Raw Text doc X6_Manual-Parameters & Messages --
[36m[collector][0m [32minfo[39m: [SUCCESS]: Raw text and metadata saved & ready for embedding.

[36m[collector][0m [32minfo[39m: -- Working Raw Text doc X6_Manual-Appendix --
[36m[collector][0m [32minfo[39m: [SUCCESS]: Raw text and metadata saved & ready for embedding.

[36m[collector][0m [32minfo[39m: -- Working Raw Text doc XFM_Manual-General information --
[36m[collector][0m [32minfo[39m: [SUCCESS]: Raw text and metadata saved & ready for embedding.

[36m[collector][0m [32minfo[39m: -- Working Raw Text doc XFM_Manual-Intended use --
[36m[collector][0m [32minfo[39m: [SUCCESS]: Raw text and metadata saved & ready for embedding.

[36m[collector][0m [32minfo[39m: -- Working Raw Text doc XFM_Manual-Safety --
[36m[collector][0m [32minfo[39m: [SUCCESS]: Raw text and metadata saved & ready for embedding.

[36m[collector][0m [32minfo[39m: -- Working Raw Text doc XFM_Manual-Machine description --
[36m[collector][0m [32minfo[39m: [SUCCESS]: Raw text and metadata saved & ready for embedding.

[36m[collector][0m [32minfo[39m: -- Working Raw Text doc XFM_Manual-Transport and stability --
[36m[collector][0m [32minfo[39m: [SUCCESS]: Raw text and metadata saved & ready for embedding.

[36m[collector][0m [32minfo[39m: -- Working Raw Text doc XFM_Manual-Assembly --
[36m[collector][0m [32minfo[39m: [SUCCESS]: Raw text and metadata saved & ready for embedding.

[36m[collector][0m [32minfo[39m: -- Working Raw Text doc XFM_Manual-Workplaces --
[36m[collector][0m [32minfo[39m: [SUCCESS]: Raw text and metadata saved & ready for embedding.

[36m[collector][0m [32minfo[39m: -- Working Raw Text doc sampleUser-Test Workspace-2025-03-19T21:30:00Z --
[36m[collector][0m [32minfo[39m: [SUCCESS]: Raw text and metadata saved & ready for embedding.

[36m[collector][0m [32minfo[39m: -- Working Raw Text doc XFM_Manual-Operation --
[36m[collector][0m [32minfo[39m: [SUCCESS]: Raw text and metadata saved & ready for embedding.

[36m[collector][0m [32minfo[39m: -- Working Raw Text doc XFM_Manual-Control system --
[36m[collector][0m [32minfo[39m: [SUCCESS]: Raw text and metadata saved & ready for embedding.

[36m[collector][0m [32minfo[39m: -- Working Raw Text doc XFM_Manual-Parameters _ Messages --
[36m[collector][0m [32minfo[39m: [SUCCESS]: Raw text and metadata saved & ready for embedding.

[36m[collector][0m [32minfo[39m: -- Working Raw Text doc XFM_Manual-Malfunctions --
[36m[collector][0m [32minfo[39m: [SUCCESS]: Raw text and metadata saved & ready for embedding.

[36m[collector][0m [32minfo[39m: -- Working Raw Text doc XFM_Manual-Maintenance and service --
[36m[collector][0m [32minfo[39m: [SUCCESS]: Raw text and metadata saved & ready for embedding.

[36m[collector][0m [32minfo[39m: -- Working Raw Text doc XFM_Manual-Wear parts, spare parts --
[36m[collector][0m [32minfo[39m: [SUCCESS]: Raw text and metadata saved & ready for embedding.

[36m[collector][0m [32minfo[39m: -- Working Raw Text doc sampleUser-Test Workspace-2025-03-19T21:30:00Z --
[36m[collector][0m [32minfo[39m: [SUCCESS]: Raw text and metadata saved & ready for embedding.

[36m[collector][0m [32minfo[39m: -- Working Raw Text doc XFM_Manual-Dismantling, disposal --
[36m[collector][0m [32minfo[39m: [SUCCESS]: Raw text and metadata saved & ready for embedding.

[36m[collector][0m [32minfo[39m: -- Working Raw Text doc sampleUser-Test Workspace-2025-03-19T21:30:00Z --
[36m[collector][0m [32minfo[39m: [SUCCESS]: Raw text and metadata saved & ready for embedding.

[36m[collector][0m [32minfo[39m: -- Working Raw Text doc sampleUser-Test Workspace-2025-03-19T21:30:00Z --
[36m[collector][0m [32minfo[39m: [SUCCESS]: Raw text and metadata saved & ready for embedding.

[36m[collector][0m [32minfo[39m: -- Working CSP overview.pdf --
[36m[collector][0m [32minfo[39m: -- Parsing content from pg 1 --
[36m[collector][0m [32minfo[39m: -- Parsing content from pg 2 --
[36m[collector][0m [32minfo[39m: [SUCCESS]: CSP overview.pdf converted & ready for embedding.

[36m[collector][0m [32minfo[39m: -- Working Drier overview.pdf --
[36m[collector][0m [32minfo[39m: -- Parsing content from pg 1 --
[36m[collector][0m [32minfo[39m: -- Parsing content from pg 2 --
[36m[collector][0m [32minfo[39m: [SUCCESS]: Drier overview.pdf converted & ready for embedding.

[36m[collector][0m [32minfo[39m: -- Working Raw Text doc sampleUser-Test Workspace-2025-03-19T21:30:00Z --
[36m[collector][0m [32minfo[39m: [SUCCESS]: Raw text and metadata saved & ready for embedding.

